,Date.time,Power.me,Means,Lowers,Uppers,Squared Error,Absolute Error
0,2021-01-20 16:30:00,12153.521099853526,11937.795624274791,11440.355984702368,12429.805731388557,46537.48081367192,215.72547557873625
1,2021-01-20 17:10:00,11661.89072875978,11964.039444732349,11271.154413087042,12487.476589122316,91293.84656387016,302.1487159725657
2,2021-01-20 20:00:00,12193.209042197792,12116.727115231528,11492.312526632788,12655.236747385226,5849.485152472929,76.48192696626393
3,2021-01-20 22:10:00,12220.593247263067,12012.940824289495,11447.102629089066,12531.45397663209,43119.528766795025,207.65242297357145
4,2021-01-22 03:30:00,10289.932705688485,10066.745930364435,9568.650185811735,10541.334335443084,49812.33667954773,223.18677532404945
5,2021-01-22 07:20:00,8865.947179212071,9116.910634780068,8662.876653142102,9686.33975641339,62982.65603063081,250.9634555679986
6,2021-01-22 08:40:00,7020.645741271976,6430.200716857858,5855.5996272730545,7009.547068055714,348625.32685538847,590.445024414118
7,2021-01-22 11:20:00,2398.504287536835,2013.990729398308,1514.0512647652772,2502.6405520901567,147850.67639235043,384.51355813852706
8,2021-01-23 04:30:00,2040.8276977539067,2160.3082433361883,1611.5558471165157,2627.237515169549,14275.60077263967,119.4805455822816
9,2021-01-23 08:50:00,1084.2056072711948,1084.3731634814126,580.046850317691,1716.7692268257397,0.028075083582536,0.1675562102177537
10,2021-01-23 11:30:00,1818.913187599183,1603.8300418732874,1129.5694190924198,2109.4983155888335,46260.75957534671,215.0831457258953
11,2021-01-23 13:40:00,2926.769848442078,2531.7723737167607,2043.4716538671585,3059.97727595826,156023.005039378,394.9974747253177
12,2021-01-23 17:30:00,2255.2523938128825,1741.69916820679,1257.3797248589044,2226.0756614416314,263736.915530422,513.5532256060924
13,2021-01-23 17:50:00,2270.671467652795,2392.4987927936613,1858.590963517748,2915.5785470960795,14841.897150978371,121.82732514086638
14,2021-01-24 02:10:00,1451.1393365859992,1273.4473940822097,791.1033902220812,1765.6999996385312,31574.426430770036,177.6919425037895
15,2021-01-24 06:50:00,798.5724478363993,692.8524432766045,180.96335867375024,1234.9085622329003,11176.719364123055,105.72000455979492
16,2021-01-24 11:40:00,2249.215409088135,2347.787031792146,1806.5947560252869,2873.1518416733825,9716.364802501925,98.57162270401112
17,2021-01-24 12:20:00,2674.0494682312014,2540.972448234156,2047.2881889659077,3083.986679399712,17709.493251293974,133.07701999704523
18,2021-01-24 15:30:00,589.8509805578308,566.1822530200907,76.07424217140817,1133.9034810198746,560.2086632557764,23.668727537740097
19,2021-01-25 21:30:00,9147.042568969733,8378.865015547792,7822.880258962208,8930.02102086896,590096.7535813197,768.1775534219414
20,2021-01-25 23:00:00,11341.92133821187,11492.37291140301,11067.318694526532,11996.24235724441,22635.675875688314,150.45157319113787
21,2021-01-26 08:10:00,1928.6422420501713,2196.7383043220702,1657.6860004358125,2738.7091268958593,71875.49860569793,268.096062271899
22,2021-01-26 16:50:00,7888.884628295906,7611.144734694234,7083.962801687452,8189.839730740214,77139.44849786787,277.7398936016716
23,2021-01-26 18:20:00,7564.914533996588,7765.959906516524,7218.688098408638,8312.094248625945,40419.24181167979,201.04537251993588
24,2021-01-26 18:30:00,9506.906582641608,9381.611987281343,8856.00110743923,9873.409119714484,15698.735626492487,125.2945953602648
25,2021-01-27 06:50:00,3702.221904754639,3634.20549695536,3105.30468639738,4199.808818422721,4626.231729917824,68.01640779927902
26,2021-01-27 09:50:00,2316.8839492797856,2218.851749359896,1681.2651551334166,2759.701133536797,9610.31222113319,98.03219991988954
27,2021-01-28 02:10:00,1558.7060987472537,1584.8220166445117,999.2792401743257,2048.8649049437945,682.04116761632,26.115917897257987
28,2021-01-28 04:40:00,324.50549567341807,288.7183403810738,-190.6334509646184,776.0587934388367,1280.7204839183642,35.787155292344266
29,2021-01-28 07:40:00,8279.807947901681,7703.445203577704,7160.75307504732,8105.042927814416,332194.0130446667,576.3627443239775
30,2021-01-28 16:00:00,1621.8866481781013,1709.7444500045483,1196.7306665430683,2170.8063439292564,7718.993341775319,87.85780182644748
31,2021-01-28 18:00:00,1968.6967872619634,2030.6752229772785,1479.106524201347,2642.448668569595,3841.326493717415,61.978435715314845
32,2021-01-28 23:50:00,6091.515879821782,5886.253865305757,5437.713946357693,6382.556934130531,42132.49460317664,205.2620145160245
33,2021-01-29 02:40:00,12202.823382568371,11924.79995043004,11338.67835353493,12398.411456173337,77297.02881797786,278.0234321383323
34,2021-01-29 13:30:00,9339.521694946296,9602.738667904898,9104.377893597668,10035.556464229934,69283.17485348949,263.2169729586021
35,2021-01-29 14:30:00,4606.838662719729,4484.6823742000515,4011.283257324344,4930.524277062764,14922.158824902624,122.15628851967722
36,2021-01-29 18:10:00,1399.2735584259035,1550.2651421324526,1085.25758276812,1994.7312967295716,22798.458350211768,150.9915837065489
37,2021-01-29 19:40:00,1731.5945791244512,1747.403346374757,1252.4139866601463,2284.1676942042723,249.91712197432253,15.808767250305207
38,2021-01-29 20:00:00,1258.7050277709968,1430.2659411684008,946.3212729508772,2018.4040925147608,29433.147005751543,171.56091339740397
39,2021-01-29 23:00:00,1591.4800348281863,1640.9239155827663,1123.777087734478,2218.9197259799894,2444.6973440731763,49.443880754580505
40,2021-01-30 08:10:00,9001.32549743653,8949.570012276958,8378.830557582802,9392.472740736815,2678.6302441027133,51.755485159572345
41,2021-01-30 16:00:00,9694.77713012696,9305.120099251646,8786.488836948016,9779.668112383351,151832.6017105657,389.6570308753144
42,2021-01-30 19:00:00,8293.179228210454,7648.577721926915,7212.315085354974,8163.406276999371,415511.101903008,644.6015062835395
43,2021-01-31 03:40:00,2537.353901672364,2463.8767062015227,2034.9373530584005,2965.266445129904,5398.898254260214,73.47719547084125
44,2021-01-31 06:20:00,3734.039152526856,3362.2584422307955,2901.618226811064,3914.130517601523,138220.89654824295,371.7807102960601
45,2021-01-31 08:40:00,2904.0652131733145,2655.1041132901955,2125.923930072537,3199.531812135369,61981.629255012354,248.961099883119
46,2021-02-02 17:20:00,8151.330850219733,8105.609891984399,7616.278155985382,8746.360126388145,2090.4060219571893,45.720958235334365
47,2021-02-02 20:50:00,6008.9280776977575,5892.98631393962,5459.698889608773,6365.675854189725,13442.492583347725,115.94176375813733
48,2021-02-02 23:50:00,6685.492295837407,6639.7517288368945,6106.573390199224,7157.791324335279,2092.199469528399,45.74056700051278
49,2021-02-03 08:10:00,953.8061373949054,1000.5033019131928,484.5242049035298,1548.1559370973553,2180.6251740480125,46.697164518287536
50,2021-02-03 14:20:00,2570.283635902405,2803.1732888294746,2405.243877352458,3281.3350100464895,54237.590440490945,232.8896529270696
51,2021-02-03 16:40:00,3018.8246761322025,2975.2192965820363,2472.125919060353,3647.9932670870576,1901.429125714089,43.60537955016662
52,2021-02-03 21:40:00,3364.9396751403815,3714.262638636361,3125.5306095635215,4152.9512769383655,122026.53282561302,349.3229634959789
53,2021-02-03 22:10:00,2704.9123798370365,3085.355094184059,2578.947326025829,3606.783029009859,144736.65889973016,380.4427143470225
54,2021-02-04 02:00:00,5289.137402343753,5980.493136799338,5498.060604937789,6433.783211078596,477972.751564621,691.3557344555848
55,2021-02-04 07:20:00,2404.6640205383305,2277.121857198006,1799.1602107962074,2777.362222753533,16267.003429529976,127.54216334032436
56,2021-02-04 15:30:00,2360.3423921585086,2170.805664622666,1766.6431447011532,2775.676936906516,35924.17108499623,189.5367275358426
57,2021-02-04 18:00:00,2006.205311965943,2049.089043087162,1628.0327943396496,2462.195727072122,1839.0143948769437,42.88373112121826
58,2021-02-04 19:30:00,1596.8824158718712,1384.1618044481286,961.316592888722,1910.5637200037947,45250.05852449091,212.72061142374264
59,2021-02-05 00:40:00,987.9081010818481,1132.5261761175373,608.0603599382592,1604.4109034210835,20914.38762702821,144.61807503568912
60,2021-02-05 03:50:00,778.9895785808563,725.3453879665295,250.14601480081097,1222.168510322084,2877.6991866662293,53.64419061432682
61,2021-02-05 06:50:00,1141.6180854082113,1118.8462499685602,618.4568667276326,1599.351275048875,518.5564892905504,22.771835439651113
62,2021-03-05 19:40:00,239.01274221241476,247.86632130879187,-233.21886721151557,827.8273452506489,78.38586281580561,8.853579096377103
63,2021-03-05 21:30:00,871.7321728706361,1001.1394552961272,555.5784152364548,1521.7189704955535,16746.244744750813,129.40728242549108
64,2021-03-05 22:20:00,276.7658865883946,326.1743127386381,-187.49421795358185,776.3559015319572,2441.192574644059,49.40842615024343
65,2021-03-05 23:50:00,836.7362913131715,967.3858488947224,412.4948379178903,1417.6448354945842,17069.30689625504,130.6495575815511
66,2021-03-07 04:30:00,-12.378800700977443,0.6092809876788321,-554.5451563504138,489.71147722238834,168.69026595120846,12.988081688656276
67,2021-03-07 18:40:00,756.893921351433,641.606669597942,81.02173917953182,1172.8441787345223,13291.150416872808,115.28725175349098
68,2021-03-07 19:20:00,1322.4563867619167,1203.313572505784,656.5934597158033,1773.6726493936994,14195.010188871373,119.14281425613284
69,2021-03-07 21:50:00,1878.1155435562137,1944.2161427527972,1444.0762084167532,2432.297692634443,4369.289214147378,66.10059919658352
70,2021-03-07 22:50:00,1099.6969183921815,1195.233980209877,699.441301828043,1737.1343487383576,9127.330180758176,95.53706181769552
71,2021-03-08 20:40:00,4967.785856628419,5128.150447772329,4642.127563140577,5636.119673794922,25716.802092753067,160.3645911439089
72,2021-03-09 03:30:00,3329.396109390259,3380.0466644860835,2890.738510911976,3816.777262006235,2565.478731515156,50.65055509582453
73,2021-03-09 06:10:00,5322.721199035647,5508.733787272267,5085.752300116199,5973.0187545416775,34600.68298248638,186.0125882366201
74,2021-03-09 14:00:00,1476.4988105773928,1324.0845091436502,796.663122114801,1838.9104656818056,23230.11928153575,152.4143014337426
75,2021-03-10 02:40:00,11263.582348632823,11444.505600180137,10971.905305567923,11966.407248139129,32733.222950452026,180.92325154731225
76,2021-03-10 06:50:00,11206.583349609384,11379.806739048265,10840.120161463656,11908.981465981991,30006.342648692964,173.22338943887735
77,2021-03-10 10:40:00,12149.602319335949,12216.61914197465,11669.027009466505,12807.761747613187,4491.254516587396,67.01682263870316
78,2021-03-10 13:30:00,12282.162939453137,12192.247383571725,11636.275584774474,12726.453879191587,8084.80718946411,89.91555588141637
79,2021-03-10 13:40:00,12260.524062212786,12164.363725771937,11739.7954347888,12679.388256287515,9246.810304417677,96.1603364408511
80,2021-03-10 17:20:00,12288.76808471681,12216.492987912929,11744.470286652066,12795.94750966635,5223.689618011004,72.27509680388539
81,2021-03-10 23:10:00,12244.329541336874,12322.288495336625,11869.106317769125,12905.21511366788,6077.598508734934,77.9589539997487
82,2021-03-11 13:30:00,10967.565115356454,11152.670543589618,10631.185323765332,11604.23659763822,34264.01956138313,185.10542823316428
83,2021-03-11 15:40:00,10017.140820312508,9913.211537125846,9479.906339009873,10382.80679218314,10801.29590369346,103.92928318666236
84,2021-03-11 17:00:00,11576.182287597665,11526.82773861589,11035.025127027904,12111.851775717654,2435.871505194629,49.35454898177704
85,2021-03-11 18:10:00,11538.57724609376,11056.03137942545,10542.74204439056,11522.42396041506,232850.513438672,482.5458666683117
86,2021-03-12 00:50:00,11385.965380859385,11036.612618597086,10547.876801884904,11485.453087331496,122047.35250029693,349.3527622622969
87,2021-03-12 01:00:00,11573.924407958995,11371.407415005157,10830.920412273512,11930.26875032451,41013.132435065185,202.5169929538388
88,2021-03-12 01:40:00,11912.715466308606,11541.893698537178,11007.800531016692,12048.590963491066,137508.78345312644,370.8217677714274
89,2021-03-12 03:50:00,6383.258317565923,5862.9880002148075,5307.509692872521,6331.2262785134935,270681.2031166294,520.2703173511145
90,2021-03-12 11:10:00,12049.875366210948,12106.682262358026,11454.25658410515,12644.144395660738,3227.0234498649143,56.80689614707808
91,2021-03-12 12:50:00,10713.641093444832,11261.79739902796,10834.783791474943,11707.320939718398,300475.33535054204,548.1563055831266
92,2021-03-12 13:10:00,11616.531353759778,11707.24336855668,11193.568344829524,12259.685931851009,8228.669628513646,90.71201479690352
93,2021-03-12 17:10:00,10543.931039428722,10531.913067504249,10072.128712493568,11049.712172635183,144.43164917743053,12.017971924473386
94,2021-03-12 19:30:00,8513.451217651374,8637.271110851048,8095.496294710779,9104.455219650836,15331.365951978669,123.81989319967396
95,2021-03-13 02:00:00,12216.93742065431,12296.37766214048,11735.27313857529,12870.694395344375,6310.751967380817,79.44024148616882
