,index,Date.time,Power.me,Mean,Upper,Lower,Squared Error,Absolute Error,Turbine
0,560127,2021-01-20 16:30:00,2057.5000976562524,2035.2271098235708,2152.3081707860283,1930.8204600013755,496.085986994781,22.272987832681565,3
1,560131,2021-01-20 17:10:00,1956.4642761230489,2038.2399035569535,2159.364958969425,1926.179885653701,6687.2532422087825,81.77562743390467,3
2,560148,2021-01-20 20:00:00,2047.9439392089864,2038.767329602705,2162.6348185457173,1908.5711625025945,84.21016386609038,9.17660960628109,3
3,560161,2021-01-20 22:10:00,2029.2371887207053,2038.4343230879804,2173.4803557951204,1926.6517762413823,84.58728056971297,9.197134367275112,3
4,560337,2021-01-22 03:30:00,1964.58518676758,1855.0509020607255,1964.5365018925377,1737.7479633046428,11997.759526242176,109.53428470685412,3
5,560360,2021-01-22 07:20:00,1497.15525416324,1521.5108111499212,1645.980230012793,1414.471355865362,593.1931561314765,24.355556986681226,3
6,560368,2021-01-22 08:40:00,591.3157882690431,656.1002102762743,761.4005471369863,536.8144111638159,4197.021334811026,64.78442200723123,3
7,560384,2021-01-22 11:20:00,186.83869630694392,180.93216067211333,277.7133589758849,70.46715465640014,34.8871632055236,5.90653563483059,3
8,560487,2021-01-23 04:30:00,260.7474258422852,332.88696599919643,453.0035171306381,212.1495004070348,5204.113254050605,72.13954015691121,3
9,560513,2021-01-23 08:50:00,182.331476211548,215.9379318956056,320.5074520926315,109.34106357735948,1129.393863644528,33.60645568405761,3
10,560529,2021-01-23 11:30:00,363.70500640869153,342.9043244265747,453.03348473495026,241.53559594184696,432.6683709211597,20.800681982116828,3
11,560542,2021-01-23 13:40:00,616.5737747192383,510.1559766206225,625.6453432344726,400.04935862017624,11324.747752157751,106.41779809861578,3
12,560565,2021-01-23 17:30:00,528.4196365356445,505.6289926412267,617.7665081349278,399.3177752892208,519.413449122162,22.79064389441777,3
13,560567,2021-01-23 17:50:00,354.256317138672,416.7929559250631,516.533413339437,328.56110968285753,3910.831190699557,62.53663878639111,3
14,560617,2021-01-24 02:10:00,295.8230468750001,242.100476185091,374.80938332004143,138.01879361810043,2886.114601532281,53.722570689909105,3
15,560645,2021-01-24 06:50:00,123.01358642578133,110.5338028046456,224.36469230226564,4.379296671205407,155.74499923036748,12.479783621135724,3
16,560674,2021-01-24 11:40:00,292.6864227294923,332.46053276090095,436.7525934420121,220.79618607272283,1581.9798287906035,39.77411003140867,3
17,560678,2021-01-24 12:20:00,359.8310489654541,378.39085483555664,495.3393887993428,283.65364954370744,344.4663939358926,18.559805870102537,3
18,560697,2021-01-24 15:30:00,71.07852250651308,68.43132573892224,161.18298158194673,-40.09508101192338,7.0076507263434005,2.6471967675908417,3
19,560877,2021-01-25 21:30:00,1958.0435363769543,1760.243999851007,1865.0864231593025,1644.6478807034102,39124.65664987959,197.79953652594736,3
20,560886,2021-01-25 23:00:00,2057.328921669409,2002.785904506714,2113.6031935668543,1900.487026945776,2974.940721210008,54.543017162694696,3
21,560941,2021-01-26 08:10:00,149.00839157104502,171.04300984632576,274.3570885491351,49.55938423723085,485.52440253733573,22.034618275280735,3
22,560993,2021-01-26 16:50:00,1595.584326171876,1482.698742304583,1591.5244341460166,1367.2144801081076,12743.155045059644,112.885583867293,3
23,561002,2021-01-26 18:20:00,1494.529376220705,1429.734044924494,1525.7706180761222,1311.8490104140533,4198.434957785723,64.79533129621086,3
24,561003,2021-01-26 18:30:00,1869.543121337892,1777.911565621086,1900.4242706791704,1664.896454240671,8396.342003082147,91.63155571680612,3
25,561077,2021-01-27 06:50:00,418.0689292907716,369.9287421513041,469.0934009414048,280.755871086507,2317.4776178229536,48.140187139467514,3
26,561095,2021-01-27 09:50:00,427.2152770996095,451.5635177330689,563.4077268318066,337.40815262902464,592.8368219448433,24.348240633459397,3
27,561193,2021-01-28 02:10:00,102.10396251678463,108.9133573827793,240.8879350443893,4.260420253320163,46.36785844103446,6.809394865994662,3
28,561208,2021-01-28 04:40:00,47.49893169403076,33.368745642368964,146.30909062991446,-65.23281586794049,199.66215785457752,14.130186051661797,3
29,561226,2021-01-28 07:40:00,850.3068328857429,900.6922916692562,999.3026422905384,784.5699328551921,2538.694456825116,50.385458783513286,3
30,561276,2021-01-28 16:00:00,184.29424476623535,182.549711353612,277.388206124552,84.97224960693659,3.043396827759288,1.7445334126233547,3
31,561288,2021-01-28 18:00:00,247.33122100830093,253.4812745704057,363.88461003586104,110.01765376276516,37.82315881675761,6.150053562104773,3
32,561323,2021-01-28 23:50:00,872.7014007568357,912.0061061243882,1041.177146583364,796.1881137046815,1544.8598640301116,39.304705367552515,3
33,561340,2021-01-29 02:40:00,1950.8989807128928,1873.151745890072,1985.070272307964,1771.4915622566782,6044.632522594824,77.7472348228207,3
34,561405,2021-01-29 13:30:00,1674.5713256835948,1619.9247508937551,1722.0140638417583,1510.2428925372778,2986.2481362615367,54.64657478983963,3
35,561411,2021-01-29 14:30:00,584.4838806152344,541.6291184181451,678.6141359973286,430.9285059878622,1836.5306429690704,42.85476219708926,3
36,561433,2021-01-29 18:10:00,69.86520462036134,70.71473064220973,192.71399031629076,-42.18501409314305,0.7216944617975524,0.8495260218483907,3
37,561442,2021-01-29 19:40:00,324.8808914184571,295.76794782006266,426.5861147485584,208.24904401139025,847.5634849632964,29.112943598394452,3
38,561444,2021-01-29 20:00:00,242.53421325683613,241.81705277194095,342.8001810745196,143.21275464593873,0.5143191610950818,0.7171604848951745,3
39,561462,2021-01-29 23:00:00,240.09648666381827,264.5388468938196,399.9012066147234,151.88390742838817,597.4289736131506,24.442360230001327,3
40,561517,2021-01-30 08:10:00,1447.0230133056657,1509.9950344228942,1604.277048743807,1403.0642420794834,3965.4754435886657,62.97202111722845,3
41,561564,2021-01-30 16:00:00,1877.6933959960948,1892.0034685884773,2008.0186209741369,1785.423679316507,204.77817759925793,14.31007259238254,3
42,561582,2021-01-30 19:00:00,1870.5003051757824,1671.122533688411,1776.704357430535,1557.8089669729914,39751.49576327045,199.37777148737132,3
43,561634,2021-01-31 03:40:00,611.6450103759771,561.7009278716667,689.6115360398064,458.986649185846,2494.4113771973603,49.94408250431036,3
44,561650,2021-01-31 06:20:00,686.4634796142578,635.616554913112,736.4462550152986,528.1577801679687,2585.409751563989,50.84692470114578,3
45,561664,2021-01-31 08:40:00,589.0178268432617,545.0189322886474,632.1988780388102,434.1513676241474,1935.902722028064,43.99889455461425,3
46,561965,2021-02-02 17:20:00,1586.371310424806,1386.095051685243,1489.405000057722,1276.537888177831,40110.57981471629,200.27625873956276,3
47,561986,2021-02-02 20:50:00,487.184455871582,460.34168498311783,593.235972741511,340.3967285546772,720.5343489705782,26.842770888464145,3
48,562004,2021-02-02 23:50:00,620.2813064575196,698.6480427705501,798.0167230717157,597.9348611865291,6141.345360356056,78.36673631303051,3
49,562054,2021-02-03 08:10:00,152.97367668151867,178.40551446066587,297.16217972700184,65.63053345506313,646.7783728248588,25.4318377791472,3
50,562091,2021-02-03 14:20:00,487.8444610595704,460.6818495378717,570.5731894528795,346.6951188330112,737.8074646787186,27.162611521698693,3
51,562105,2021-02-03 16:40:00,165.249760055542,166.826976240155,259.53346440041634,50.6834815077708,2.4876108930052125,1.5772161846130075,3
52,562135,2021-02-03 21:40:00,456.2880706787111,531.151945609435,637.1578046177813,421.067506328813,5604.599769643063,74.86387493072385,3
53,562138,2021-02-03 22:10:00,443.9549026489258,526.4324224967639,629.1675360628554,413.0249101823961,6802.541280250536,82.47751984783815,3
54,562161,2021-02-04 02:00:00,906.9984954833984,1048.8657663397505,1165.289357247355,926.640881747081,20126.32254022957,141.8672708563521,3
55,562193,2021-02-04 07:20:00,240.7271553039552,254.9394365285291,373.0863036406082,143.95146458958692,201.9889376063758,14.2122812245739,3
56,562242,2021-02-04 15:30:00,254.28530750274663,228.93263112026975,347.00308405658143,122.48178528100811,642.7581997546013,25.352676382476886,3
57,562257,2021-02-04 18:00:00,265.1656644821168,273.70395445755383,405.0124404972754,161.2698355768136,72.90239570464814,8.53828997543701,3
58,562266,2021-02-04 19:30:00,280.0506816864014,225.3081736118476,332.6198510614834,116.88867286600254,2996.7421902925876,54.7425080745538,3
59,562297,2021-02-05 00:40:00,165.50220050811768,188.9221969627197,294.95331482427673,81.38808266011793,548.4962339335716,23.41999645460203,3
60,562316,2021-02-05 03:50:00,52.74091296195983,40.27433922530496,159.4350313781102,-69.70455936009576,155.41546073145287,12.466573736654864,3
61,562334,2021-02-05 06:50:00,223.3835596084596,197.88329545588635,317.69851640832064,101.8675748653428,650.2634718510117,25.500264152573237,3
62,566443,2021-03-05 19:40:00,43.61531798839569,54.18438899221064,145.50841608694847,-60.42892962772552,111.7052618836819,10.569071003814948,3
63,566454,2021-03-05 21:30:00,179.97746238708493,179.75850863236937,290.3528391263443,66.24449784794515,0.0479407467040401,0.2189537547155566,3
64,566459,2021-03-05 22:20:00,64.3196475982666,59.314490552650206,179.45799749678224,-82.96150291227278,25.05159705128342,5.005157045616393,3
65,566468,2021-03-05 23:50:00,175.85152053833002,159.22528416254903,281.21773806731085,32.16538675517859,276.43173602334303,16.62623637578099,3
66,566640,2021-03-07 04:30:00,-3.176992601156235,-7.394355446624198,100.82916464475234,-112.28397212452732,17.78614937033364,4.217362845467964,3
67,566725,2021-03-07 18:40:00,184.4771675109864,194.63530729877667,309.62210319664297,80.19839906070607,103.18780394828788,10.158139787790276,3
68,566729,2021-03-07 19:20:00,308.1824099892066,344.16777471898644,454.79547819269584,221.63290573525575,1294.9464747352845,35.98536472977986,3
69,566744,2021-03-07 21:50:00,506.0720916748047,531.6756082644721,651.2858619378093,399.0993320736975,655.5400617573727,25.60351658966738,3
70,566750,2021-03-07 22:50:00,295.5706596374513,322.2167516321806,413.62685243713673,210.79563007689353,710.0142185915778,26.64609199472932,3
71,566881,2021-03-08 20:40:00,881.1605255126958,876.7487308721688,980.7677395927768,748.8212889325658,19.463931950182563,4.411794640526978,3
72,566922,2021-03-09 03:30:00,565.4484756469727,486.450723376011,594.8061852850346,375.9910417576066,6240.644863864236,78.99775227096171,3
73,566938,2021-03-09 06:10:00,978.9529571533208,1145.86472251525,1263.467069789178,1046.381138459249,27859.537416235693,166.91176536192916,3
74,566985,2021-03-09 14:00:00,327.18418350219736,294.26408556895313,389.3777410168845,188.92979830980153,1083.7328479343903,32.92009793324422,3
75,567061,2021-03-10 02:40:00,1639.1964355468767,1587.6134643611683,1705.7599822857044,1476.5992746370011,2660.802916345623,51.5829711857084,3
76,567086,2021-03-10 06:50:00,2038.343029785158,2051.6468272112083,2177.292909127316,1958.0380286976197,176.9910259533832,13.303797426050323,3
77,567109,2021-03-10 10:40:00,2026.7530761718765,2036.3471307727384,2150.4695525484008,1924.624655375164,92.04588368431958,9.59405460086191,3
78,567126,2021-03-10 13:30:00,2062.180267333986,2045.3806055141613,2162.3154791363872,1918.6335622809615,282.2286372604826,16.799661819824905,3
79,567127,2021-03-10 13:40:00,2052.254437614891,2043.584460565314,2160.070481631686,1921.5015123541823,75.16850204018844,8.6699770495768,3
80,567149,2021-03-10 17:20:00,2057.1073974609403,2043.276680580633,2152.5643052878486,1909.012481812689,191.28872942321905,13.830716880307364,3
81,567184,2021-03-10 23:10:00,2034.114764404299,2062.06273442985,2185.516260507447,1936.6021204385495,781.0890285491004,27.947970025551054,3
82,567270,2021-03-11 13:30:00,1699.123980712891,1758.7731883217775,1865.143303734053,1657.186828478173,3558.0279683680583,59.64920760888663,3
83,567283,2021-03-11 15:40:00,1507.2162536621097,1401.1281023104748,1514.2277779967558,1291.3531621378158,11254.695857207396,106.0881513516349,3
84,567291,2021-03-11 17:00:00,1888.4867767334003,1856.4816548206643,1973.9366471883664,1740.7624831708536,1024.3278286490834,32.00512191273583,3
85,567298,2021-03-11 18:10:00,1486.7120178222665,1358.2296335915426,1481.5409888780132,1242.547608337774,16507.72305761138,128.48238423072394,3
86,567338,2021-03-12 00:50:00,2029.5071655273464,1962.5988301944317,2071.2258224400584,1866.5228171441595,4476.725337021792,66.90833533291493,3
87,567339,2021-03-12 01:00:00,2030.3421752929712,1955.0038589002463,2070.7693503610008,1831.1152558656777,5675.86191689032,75.33831639272489,3
88,567343,2021-03-12 01:40:00,2031.556970214846,1890.5455341584927,1985.6523151664744,1783.1006011065506,19884.22509867499,141.0114360563532,3
89,567356,2021-03-12 03:50:00,1024.3134490966802,1007.1259646456314,1134.4098185919504,909.2591061514464,295.4096217550449,17.187484451048817,3
90,567400,2021-03-12 11:10:00,1853.5499572753915,1947.9429462246317,2060.637872614378,1835.3799844911623,8910.03636277137,94.39298894924012,3
91,567410,2021-03-12 12:50:00,1490.0503616333012,1545.724758215836,1668.6564181430388,1425.6126789099062,3099.6384348293464,55.674396582534655,3
92,567412,2021-03-12 13:10:00,1604.5557006835938,1647.683478232696,1744.2907060174089,1537.9267057165134,1860.0051963248368,43.12777754910212,3
93,567436,2021-03-12 17:10:00,1652.9989685058608,1668.794052816247,1783.5968747492047,1570.807295397314,249.4846883722043,15.795084310386072,3
94,567450,2021-03-12 19:30:00,1219.310885620118,1225.60038480115,1342.040868570943,1111.2460322525617,39.55779994820148,6.2894991810319425,3
95,567489,2021-03-13 02:00:00,2026.4126586914076,2055.520469318446,2173.5217425500227,1903.6343502515003,847.2646394995273,29.10781062703836,3
96,755476,2021-01-20 16:30:00,1987.9289062500015,1964.975031878364,2062.665187435009,1869.6391294970715,526.8803486689083,22.953874371637312,4
97,755480,2021-01-20 17:10:00,2041.6237060546907,2049.304080457337,2140.295093301895,1948.000659095526,58.98815096482441,7.680374402646294,4
98,755497,2021-01-20 20:00:00,2036.457680150084,2050.676247460059,2158.241457704378,1938.3929658469217,202.1676563482966,14.218567309975242,4
99,755510,2021-01-20 22:10:00,2048.889571340462,2045.6106230240855,2149.6441372875247,1939.752414338119,10.751502061469774,3.2789483163767272,4
100,755686,2021-01-22 03:30:00,1936.567736816408,1815.8036044511412,1932.5072756625752,1698.6204308305942,14583.975665935664,120.76413236526672,4
101,755709,2021-01-22 07:20:00,1729.3017395019529,1763.7896990663749,1886.0645314808928,1670.0320802707006,1189.4193549172069,34.487959564422,4
102,755717,2021-01-22 08:40:00,1640.3077697753918,1689.9335633792489,1822.64308685782,1581.8366527750752,2462.7193908126037,49.62579360385689,4
103,755733,2021-01-22 11:20:00,603.3219070434571,539.7213924315575,630.8259810758642,459.6980715277868,4045.0254588984544,63.6005146118996,4
104,755836,2021-01-23 04:30:00,321.6219963073732,382.03299487830986,500.51552733254096,276.33463058019817,3649.488748337712,60.41099857093667,4
105,755862,2021-01-23 08:50:00,192.9092201232909,212.00179541510457,312.19986529032207,104.61167101415556,364.52643127357345,19.09257529181366,4
106,755878,2021-01-23 11:30:00,158.66549930572515,188.97467093445908,294.7099758885331,85.67967481701785,918.64588482005,30.309171628733935,4
107,755891,2021-01-23 13:40:00,246.3831407546998,250.38348024619611,348.84292392980024,146.0739638093309,16.00271604722492,4.000339491496305,4
108,755914,2021-01-23 17:30:00,152.9016002655029,128.7098675708041,229.8836218066573,24.290191193775694,585.2399307717588,24.1917326946988,4
109,755916,2021-01-23 17:50:00,302.4478268093533,362.39671122642073,467.8491279054216,262.5516214264823,3593.868742850914,59.94888441706746,4
110,755966,2021-01-24 02:10:00,241.26813964843757,247.37135355522497,367.79535772601616,137.44111751476237,37.24921999200315,6.103213906787403,4
111,755994,2021-01-24 06:50:00,178.52360000610366,164.01637715614294,275.25273249518335,69.63915839517693,210.4595148184226,14.507222849960726,4
112,756023,2021-01-24 11:40:00,515.411019897461,445.3135417378164,551.3325438480003,343.9129322734846,4913.656444341843,70.09747815964454,4
113,756027,2021-01-24 12:20:00,645.134913635254,563.9961505253801,663.1782328024408,470.8202324131421,6583.498879000221,81.13876310987382,4
114,756046,2021-01-24 15:30:00,80.1794393539429,95.01842121146689,197.5738191580156,-14.325169027524908,220.19538256792612,14.83898185752399,4
115,756226,2021-01-25 21:30:00,1867.49221801758,1717.486247821207,1820.3368876571687,1610.8785875477065,22501.791094555152,150.00597019637303,4
116,756235,2021-01-25 23:00:00,2035.8727661132837,2051.293830401273,2162.8220255001493,1945.9320521060556,237.80922377430713,15.421064287989566,4
117,756290,2021-01-26 08:10:00,626.0306579589844,697.507346505965,787.2752328204758,606.691056512236,5108.917005642059,71.47668854698054,4
118,756342,2021-01-26 16:50:00,1515.0890625000015,1446.3218519612983,1566.6224647187234,1350.0855731728543,4728.929245274307,68.76721053870301,4
119,756351,2021-01-26 18:20:00,1336.0437561035164,1326.3629932299175,1435.9049263615514,1242.4657012480704,93.71716981484742,9.680762873598724,4
120,756352,2021-01-26 18:30:00,1673.5117187500011,1697.8831599103708,1798.7145061673789,1604.8613151498691,593.9671442333582,24.371441160369613,4
121,756426,2021-01-27 06:50:00,652.8305877685547,718.0669826350482,831.9561225717267,605.2739005525777,4255.787215177071,65.23639486649358,4
122,756444,2021-01-27 09:50:00,313.2866172790528,344.8299705226055,440.2986660956861,258.3892698832405,994.9831338475468,31.5433532435527,4
123,756542,2021-01-28 02:10:00,452.6664352416994,464.2635609674731,570.1583399871434,355.73296584330444,134.49332509940234,11.597125725773708,4
124,756557,2021-01-28 04:40:00,66.50180435180665,56.54994059371431,151.04400342774505,-47.23864456085441,99.03959225963187,9.951863758092344,4
125,756575,2021-01-28 07:40:00,1741.4742736816406,1657.43273165171,1765.2832304559508,1555.3449617186473,7062.980786768612,84.04154202993072,4
126,756625,2021-01-28 16:00:00,270.92942428588884,293.51470062210024,384.63833749263034,189.0687377595873,510.0947071830303,22.585276336211393,4
127,756637,2021-01-28 18:00:00,373.2782295227053,335.9120685608161,429.2840644545289,242.5884373020388,1396.2299850298118,37.36616096188919,4
128,756672,2021-01-28 23:50:00,1312.9246978759782,1247.5681646071484,1346.5491444494924,1169.1403762589132,4271.476440919644,65.35653326882971,4
129,756689,2021-01-29 02:40:00,2059.8502929687515,2039.1961270270915,2150.651849988112,1940.8697445259963,426.59457074562954,20.65416594166004,4
130,756754,2021-01-29 13:30:00,1884.866723632815,1873.728838780704,1963.8484644610344,1776.119430964929,124.05247897888432,11.137884852111029,4
131,756760,2021-01-29 14:30:00,1035.6291748046883,1015.7986843813492,1124.5508450381387,915.578103562178,393.2483504301454,19.830490423339143,4
132,756782,2021-01-29 18:10:00,422.23153686523455,499.7456631424815,602.8231481484897,404.57534229223177,6008.439772524983,77.51412627724693,4
133,756791,2021-01-29 19:40:00,490.6209320068362,465.70160905054865,582.2012587445454,361.76726822050693,620.9726565997594,24.919322956287544,4
134,756793,2021-01-29 20:00:00,279.00550994873066,259.1709941563076,355.61788667524786,167.86501259333662,393.4080167198805,19.834515792423076,4
135,756811,2021-01-29 23:00:00,285.5957595825197,340.5761254816792,452.4342069739374,244.96817610056743,3022.84063440546,54.980365899159494,4
136,756866,2021-01-30 08:10:00,1749.4932861328143,1652.9684798628912,1762.174136254682,1549.3892300503944,9317.038225446197,96.52480626992316,4
137,756913,2021-01-30 16:00:00,1234.086019897462,1262.8429025248313,1382.9197635940643,1149.8512176934375,826.9582984442972,28.75688262736935,4
138,756931,2021-01-30 19:00:00,883.1516952514646,835.4209203781305,939.8753922362148,730.7276579719928,2278.2268700089016,47.7307748733341,4
139,756983,2021-01-31 03:40:00,298.72440032958974,294.61757001570385,394.9975072741309,188.1422316443074,16.866055227052108,4.106830313885894,4
140,756999,2021-01-31 06:20:00,773.2592407226563,719.5394586102592,817.776013569251,598.2170453996888,2885.814990203416,53.71978211239707,4
141,757013,2021-01-31 08:40:00,534.0648835834704,497.5799628209857,608.88787399867,380.9255646285514,1331.1494430447876,36.484920762484705,4
142,757313,2021-02-02 17:20:00,1220.2616485595709,1328.179377471989,1426.994049731716,1211.701097736872,11646.236213614176,107.91772891241816,4
143,757334,2021-02-02 20:50:00,1052.0241302490244,1104.708297677318,1202.330382057025,997.2527640381848,2775.62149761248,52.68416742829368,4
144,757352,2021-02-02 23:50:00,1053.8616149902357,1085.3935174251078,1213.685625206697,981.4741441963276,994.2608711622936,31.53190243487211,4
145,757402,2021-02-03 08:10:00,233.7235023498536,233.7939294828448,324.1930402296806,126.41852854932728,0.00495998106136,0.0704271329911989,4
146,757439,2021-02-03 14:20:00,668.0960235595703,669.9324118965866,775.6685398432954,563.4012260619483,3.372322124329396,1.836388337016274,4
147,757453,2021-02-03 16:40:00,748.9157196044922,840.7132271232965,951.160151548973,745.0585481890331,8426.782386664934,91.79750751880432,4
148,757483,2021-02-03 21:40:00,857.0869781494141,1018.6690135594026,1112.0967381113603,930.9600707703672,26108.754167234783,161.58203540998852,4
149,757486,2021-02-03 22:10:00,529.0775390625001,622.524135425457,738.5490948586782,497.6211681511344,8732.266371821375,93.44659636295684,4
150,757509,2021-02-04 02:00:00,994.6351470947272,1093.665815751798,1198.4539156809076,967.4477699386952,9807.073334666524,99.03066865707068,4
151,757541,2021-02-04 07:20:00,603.8527557373048,468.233166851072,582.949317049231,380.8459517167635,18392.6728896708,135.6195888862328,4
152,757590,2021-02-04 15:30:00,647.5320953369142,630.7134398928181,722.4935357452238,505.2502120233915,282.86717094722223,16.818655444096066,4
153,757605,2021-02-04 18:00:00,494.0147369384768,519.2271042253559,619.9904140233798,416.9967756055295,635.6634642084914,25.2123672868791,4
154,757614,2021-02-04 19:30:00,305.2692085266114,276.4489274977447,378.9071097857788,181.38272064602043,830.6085985828539,28.820281028866702,4
155,757645,2021-02-05 00:40:00,162.3782581329345,200.55664348098375,320.43364441935825,100.32485775813656,1457.5891077841447,38.17838534804929,4
156,757664,2021-02-05 03:50:00,160.73075942993157,145.0681574750323,258.7964894552288,49.239672816121185,245.3170999976141,15.66260195489926,4
157,757682,2021-02-05 06:50:00,189.6627399444581,213.86615266594387,298.7696713897981,114.26492931737609,585.8051873665788,24.20341272148576,4
158,761791,2021-03-05 19:40:00,12.087693443894397,19.440428753728884,128.7348515965282,-91.2932151870881,54.06271653648686,7.352735309834488,4
159,761802,2021-03-05 21:30:00,125.22298812866212,142.01763905009656,241.64350467659577,56.32740528493837,282.06029957283863,16.79465092143444,4
160,761807,2021-03-05 22:20:00,45.46406950950624,40.31822828176848,144.1402577195284,-55.325305527797006,26.479681941085676,5.145841227737762,4
161,761816,2021-03-05 23:50:00,224.49070816040043,235.25292126880657,328.59662628511757,147.5745289936146,115.82523099074903,10.762213108406144,4
162,761988,2021-03-07 04:30:00,-0.8402625136077404,-9.0897673796579,77.79039544321746,-119.55632056200383,68.05433053498525,8.24950486605016,4
163,762073,2021-03-07 18:40:00,27.79185888767243,34.37497678608666,143.79879352575352,-55.905503134816456,43.337441264421834,6.583117898414233,4
164,762077,2021-03-07 19:20:00,60.82655649185181,70.98047376707783,165.25414187868554,-30.3913435050444,103.10203603213328,10.153917275226014,4
165,762092,2021-03-07 21:50:00,237.6641136169434,257.3353463922078,367.21512046950824,148.41319750743995,386.9573988986352,19.67123277526437,4
166,762098,2021-03-07 22:50:00,99.074499797821,114.0902987765664,225.4702796423406,13.68702393070012,225.47421897009164,15.015798978745408,4
167,762229,2021-03-08 20:40:00,807.7532470703125,957.9989446872536,1055.5939404468731,845.7280166381762,22573.769652401275,150.24569761694102,4
168,762270,2021-03-09 03:30:00,610.2108703613281,671.3762254040803,771.8944287095588,580.1370372082607,3741.200657505925,61.16535504275214,4
169,762286,2021-03-09 06:10:00,796.4967559814453,885.1091261896968,1002.4477623928136,777.9719129758366,7852.152153924217,88.61237020825149,4
170,762333,2021-03-09 14:00:00,230.1477527618408,229.23213998984025,326.7898722257848,137.7717257755805,0.8383467482505702,0.9156127720005712,4
171,762409,2021-03-10 02:40:00,1933.297717285158,2021.847605789908,2115.058970326936,1920.437985322976,7841.082754203659,88.54988850475002,4
172,762434,2021-03-10 06:50:00,1838.8436218261745,1929.1911496838816,2030.301709466635,1820.9823335367364,8162.675789999154,90.34752785770706,4
173,762457,2021-03-10 10:40:00,2032.3712036132831,2056.6350961658586,2188.5476988601245,1933.679135776938,588.7364818029288,24.2638925525755,4
174,762474,2021-03-10 13:30:00,2047.5843505859405,2047.8553017243264,2148.7888726648343,1936.591815861387,0.0734145193927673,0.2709511383861809,4
175,762475,2021-03-10 13:40:00,2047.2743709788624,2024.5782575358353,2142.698764709065,1913.5872272987735,515.1135654187561,22.696113443027116,4
176,762497,2021-03-10 17:20:00,2068.718157958987,2078.7348179313503,2196.469134932809,1966.775318900976,100.3334770019474,10.016659972363414,4
177,762532,2021-03-10 23:10:00,2048.371313476565,2068.5446106711433,2192.0952755493604,1958.7922414049049,406.961919700788,20.17329719457848,4
178,762618,2021-03-11 13:30:00,1967.7261047363293,2051.048779432681,2152.215669512042,1950.6437129010176,6942.668118554043,83.32267469635167,4
179,762631,2021-03-11 15:40:00,2019.168383789065,2047.375658461639,2154.374162311784,1930.5353609991532,795.6503444540308,28.20727467257393,4
180,762639,2021-03-11 17:00:00,2012.1486389160168,2052.7828128199894,2139.2202779169816,1960.7686344607985,1651.1360888582897,40.63417390397262,4
181,762646,2021-03-11 18:10:00,2053.1827270507843,2031.548522882079,2132.4106607449494,1934.3619103808653,468.0387900132262,21.63420416870531,4
182,762686,2021-03-12 00:50:00,2043.5801879882824,1981.4263212572912,2096.738889044164,1869.0888700259025,3863.10314961382,62.15386673099124,4
183,762687,2021-03-12 01:00:00,2022.173223876954,1983.520998953925,2080.2459003992644,1886.0616647539955,1493.9944915004107,38.652224923028825,4
184,762691,2021-03-12 01:40:00,1984.1920288085955,1950.148192595566,2037.7172138832848,1849.318572529669,1158.982784099588,34.043836213029635,4
185,762704,2021-03-12 03:50:00,1067.3834960937506,955.0196258865512,1047.9695618553214,854.0014242334773,12625.639327940353,112.3638702071994,4
186,762748,2021-03-12 11:10:00,2036.320953369142,2047.886120929595,2151.7383145046715,1922.2339037465472,133.7531007013624,11.565167560453348,4
187,762758,2021-03-12 12:50:00,1920.655651855471,2007.189993519976,2093.985805294397,1902.9576362685557,7488.192287309258,86.53434166450484,4
188,762760,2021-03-12 13:10:00,2010.323968505861,2030.8789288791963,2142.0667267135336,1928.5355544756596,422.5063959493817,20.55496037333523,4
189,762784,2021-03-12 17:10:00,1898.3785217285167,1947.9173792949969,2059.563261695503,1844.0030150433931,2454.098408991985,49.53885756647992,4
190,762798,2021-03-12 19:30:00,1591.5422912597671,1628.2985912709478,1727.465081696726,1523.2137968189136,1351.025590511919,36.756300011180656,4
191,762837,2021-03-13 02:00:00,2050.2194824218777,2062.4426553335365,2158.9291089413305,1957.0868711912228,149.40595602831,12.22317291165882,4
192,950627,2021-01-20 16:30:00,2032.2463378906264,1974.4234163456872,2068.3464175959252,1852.085383515996,3343.4902559921898,57.82292154493916,5
193,950631,2021-01-20 17:10:00,1805.828552246096,1891.943925909971,1985.2542139649595,1797.0762270184157,7415.857581268827,86.11537366387506,5
194,950648,2021-01-20 20:00:00,2035.5619474712184,1962.8958702202328,2062.225562540785,1870.3448660187012,5280.358783046208,72.66607725098561,5
195,950661,2021-01-20 22:10:00,2033.962986996302,2011.813008007489,2111.0213576704023,1900.2007510236208,490.6215692048582,22.149978988813015,5
196,950837,2021-01-22 03:30:00,1757.8606994628922,1710.9194439519351,1796.4235999589102,1628.5365659136246,2203.481468944954,46.941255510957035,5
197,950860,2021-01-22 07:20:00,1458.289666748048,1507.4677590554836,1598.2918024378496,1420.5127399420282,2418.4847629986652,49.17809230743569,5
198,950868,2021-01-22 08:40:00,611.77733001709,654.0766021958838,747.1671280624985,539.4277253461555,1789.228426855678,42.299272178793785,5
199,950884,2021-01-22 11:20:00,314.6162261962891,262.2163824156424,332.84181105814787,171.49822987464808,2745.7436282361823,52.399843780646734,5
200,950987,2021-01-23 04:30:00,418.8804397583008,385.9932338977808,504.1457077885433,286.84786111457635,1081.568309312221,32.88720586052,5
201,951013,2021-01-23 08:50:00,159.8632286071777,169.96513012661532,266.05645831940876,70.62899990971717,102.04841430841634,10.101901519437632,5
202,951029,2021-01-23 11:30:00,278.1897697448732,292.2470701493096,379.81867415326633,212.72770621612955,197.6076946605671,14.057300404436376,5
203,951042,2021-01-23 13:40:00,418.4423603057862,429.1326864829832,522.4439452645374,332.3433080245373,114.28307377486207,10.690326177196935,5
204,951065,2021-01-23 17:30:00,185.7636085510255,181.8971256049325,284.0985425903245,101.03233385857206,14.9496903724279,3.8664829460929866,5
205,951067,2021-01-23 17:50:00,411.04559326171886,481.3265295882291,587.0333308069404,388.1298432570592,4939.4100109309875,70.28093632651024,5
206,951117,2021-01-24 02:10:00,240.48656387329112,234.42141852579925,317.7229444123892,125.30588412747204,36.78598808620255,6.065145347491892,5
207,951145,2021-01-24 06:50:00,164.9215991973877,139.05135363690957,242.8398077712097,45.704076891076674,669.2696053594389,25.87024556047814,5
208,951174,2021-01-24 11:40:00,379.0126449584962,411.8052770630215,511.2045460620242,298.72428725278127,1075.356720342747,32.79263210452535,5
209,951178,2021-01-24 12:20:00,337.5298961639406,308.53198065834465,396.4433963929659,211.12517011661356,840.8791036696807,28.997915505595927,5
210,951197,2021-01-24 15:30:00,133.6108755814402,136.76517450234735,225.6886492551448,35.540861394360704,9.949601682435937,3.154298920907138,5
211,951377,2021-01-25 21:30:00,970.2270385742188,1034.533210104859,1137.2958556912768,956.8991951122332,4135.283696928134,64.30617153064031,5
212,951386,2021-01-25 23:00:00,2019.5599609375008,1976.2849810386824,2069.094831979851,1882.5111304362472,1872.723885243117,43.274979898818174,5
213,951441,2021-01-26 08:10:00,184.0045204162598,246.73316994735697,332.60452024621804,148.10231070699143,3934.883471995214,62.72864953109715,5
214,951493,2021-01-26 16:50:00,613.3304656982423,661.8023191129031,753.5799972820612,571.8178643139936,2349.520573452365,48.47185341466081,5
215,951502,2021-01-26 18:20:00,925.6785537719736,1053.7865689363962,1142.9096025232873,961.4708193692996,16411.663549367924,128.10801516442257,5
216,951503,2021-01-26 18:30:00,1143.7038452148447,1144.1219726249692,1263.6797534146954,1031.8660449022727,0.1748305310974202,0.418127410124498,5
217,951577,2021-01-27 06:50:00,667.726304626465,662.8635675660074,763.1451642852503,576.7705114937057,23.64621171914745,4.862737060457562,5
218,951595,2021-01-27 09:50:00,346.2910667419436,331.27995168342994,419.06362410381655,229.9765729164062,225.33357529993577,15.011115058513669,5
219,951693,2021-01-28 02:10:00,117.71244430541996,135.72656540196914,236.6766830816247,46.31598356776762,324.5085588811381,18.014121096549175,5
220,951708,2021-01-28 04:40:00,73.4110460281372,64.99405797682982,148.27119385984705,-30.82809058799094,70.8456878558513,8.416988051307385,5
221,951726,2021-01-28 07:40:00,1106.967932128907,1044.7796175646106,1133.4734313497038,951.8970295899632,3867.386468347884,62.188314564296434,5
222,951776,2021-01-28 16:00:00,348.9213470458986,365.6126084322886,454.5013937691965,261.7176741128999,278.5982066687942,16.69126138639001,5
223,951788,2021-01-28 18:00:00,451.4777465820313,451.549228062352,548.5868076649857,348.6835966192673,0.0051096020288384,0.0714814803206991,5
224,951823,2021-01-28 23:50:00,964.6484008789066,921.246218943242,1000.4021594191902,836.2406783195603,1883.7493967765356,43.40218193566466,5
225,951840,2021-01-29 02:40:00,2053.169927978517,2054.6148765714893,2138.336683616254,1945.6705191926417,2.087876436332329,1.444948592972196,5
226,951905,2021-01-29 13:30:00,1450.6782043457038,1404.7301343311478,1498.7205161897575,1302.6559092537682,2111.225138062533,45.94807001455592,5
227,951911,2021-01-29 14:30:00,712.5980895996097,738.8144924104607,829.163096699997,643.8181358602008,687.2997763407981,26.216402810851037,5
228,951933,2021-01-29 18:10:00,117.382230758667,121.3007497887417,233.0043278032837,22.80428245901678,15.354791389057498,3.918519030074691,5
229,951942,2021-01-29 19:40:00,153.04999237060548,159.58755897296845,249.0398709913348,66.03080357937503,42.739777080331734,6.537566602362972,5
230,951944,2021-01-29 20:00:00,146.3269622802735,183.6573608628385,274.4352816081087,93.73659260706783,1393.5586583331697,37.33039858256498,5
231,951962,2021-01-29 23:00:00,249.2973655700684,279.8938304471013,378.15578585254747,186.2031953409777,936.1436629715096,30.59646487703293,5
232,952017,2021-01-30 08:10:00,1343.083709716797,1410.8532231367246,1498.3527756882513,1328.1568025623023,4592.706949173738,67.76951341992753,5
233,952064,2021-01-30 16:00:00,1914.068109130861,1795.3459685932514,1889.4842965754244,1684.099391263285,14094.946653831945,118.72214053760968,5
234,952082,2021-01-30 19:00:00,1660.2491210937517,1505.3942517319192,1601.6044688445008,1400.9828924779997,23980.0305650702,154.85486936183247,5
235,952134,2021-01-31 03:40:00,549.5070083618165,509.73282153317047,608.4033273503958,423.23790855659945,1581.9859378800377,39.77418682864601,5
236,952150,2021-01-31 06:20:00,641.8355224609376,613.1962677870358,712.1974681420689,521.8840053973805,820.206908276603,28.639254673901743,5
237,952164,2021-01-31 08:40:00,497.4517517089845,469.6862002761805,562.9278384019661,387.71353215457054,770.9258463676867,27.765551432804045,5
238,952465,2021-02-02 17:20:00,1179.2179565429688,1211.8383352112787,1317.0692002809287,1126.939574538748,1064.089104463932,32.62037866830997,5
239,952486,2021-02-02 20:50:00,1114.652432250977,1135.7700832152527,1226.954343806329,1056.6091846649392,445.95518224897666,21.117650964275754,5
240,952504,2021-02-02 23:50:00,1305.577941894533,1326.7221794907691,1423.223351824961,1237.437214008979,447.0787835260918,21.14423759623628,5
241,952554,2021-02-03 08:10:00,96.03606681823727,122.54056709011714,216.53467632399497,22.211945284436226,702.4885346620797,26.504500271879863,5
242,952591,2021-02-03 14:20:00,296.94452762603765,303.5267484328108,414.4616760793257,203.43657311156448,43.3256307491172,6.582220806773137,5
243,952605,2021-02-03 16:40:00,332.1177169799806,320.78676498253196,405.3845823893931,240.68120254795215,128.3904731684859,11.330951997448665,5
244,952635,2021-02-03 21:40:00,443.3477401733401,503.4617696257547,584.5098804582561,400.2154444097599,3613.6965370057737,60.11402945241463,5
245,952638,2021-02-03 22:10:00,477.3578750610353,514.0477977568302,614.7987860966026,417.8618884896579,1346.150427423402,36.68992269579485,5
246,952661,2021-02-04 02:00:00,831.8812438964844,959.5463960455412,1053.0378735407037,864.6136053310809,16298.391073241788,127.66515214905668,5
247,952693,2021-02-04 07:20:00,405.1472412109377,380.7673887733711,472.0928144903762,293.2227307491144,594.3772048775206,24.37985243756657,5
248,952742,2021-02-04 15:30:00,222.7103034973144,254.93751885790425,342.4938440133948,169.07209709888335,1038.5934098978355,32.22721536058981,5
249,952757,2021-02-04 18:00:00,228.3145353317261,227.9242315439567,307.9349865478162,139.344625339906,0.1523370467471611,0.390303787769426,5
250,952766,2021-02-04 19:30:00,261.47190053839444,201.03837305648895,296.8776316352629,115.7843501143517,3652.211243906222,60.43352748190546,5
251,952797,2021-02-05 00:40:00,176.68235473632825,189.97741418273225,293.484849363819,96.88905233289468,176.75860568341614,13.295059446403997,5
252,952816,2021-02-05 03:50:00,182.10304946899407,135.45928208605503,218.8399673636482,42.415605627222774,2175.6410356737256,46.64376738293902,5
253,952834,2021-02-05 06:50:00,226.60979881286625,179.90848647368944,262.83792440556954,94.50982151158765,2181.012574201348,46.70131233917681,5
254,956943,2021-03-05 19:40:00,49.88384001255035,46.360714158226614,144.8584850952555,-43.02595323556139,12.412415785404365,3.523125854323738,5
255,956954,2021-03-05 21:30:00,118.96465015411368,127.52971185274396,226.33064735715473,39.53440464542896,73.36028190134331,8.565061698630274,5
256,956959,2021-03-05 22:20:00,78.47221298217775,72.7415572721248,159.00165721693202,-24.952217264562258,32.840414867162565,5.730655710052957,5
257,956968,2021-03-05 23:50:00,180.97722473144532,169.70890680601534,252.89162492226657,83.78365131375267,126.97498886856668,11.268317925429985,5
258,957140,2021-03-07 04:30:00,-2.479708009958268,-10.329956409391354,79.58660800271119,-92.03925398151542,61.62639993280173,7.850248399433086,5
259,957225,2021-03-07 18:40:00,91.19739856719976,86.58891474456435,174.19198361363328,-17.577579829195702,21.23812314349225,4.608483822635407,5
260,957229,2021-03-07 19:20:00,175.63096377724096,165.10486213896394,252.75529009591224,67.44237142598995,110.7988156993383,10.526101638277026,5
261,957244,2021-03-07 21:50:00,117.376370048523,121.98499599332747,237.3318394097558,20.61399077501401,21.23943309912505,4.608625944804487,5
262,957250,2021-03-07 22:50:00,73.2130947113037,98.49726718925592,182.9794767886694,21.439066241706264,639.2893778948368,25.284172477952225,5
263,957381,2021-03-08 20:40:00,986.8695404052738,896.0709352620736,981.8401243424612,782.3569230737029,8244.386695950789,90.79860514320023,5
264,957422,2021-03-09 03:30:00,637.5688415527344,544.5975542533961,635.667089974684,443.74418390426314,8643.660262096106,92.97128729933831,5
265,957438,2021-03-09 06:10:00,909.092642211915,890.1111714277125,984.7247396405496,798.7116709252017,360.2962331315304,18.98147078420243,5
266,957485,2021-03-09 14:00:00,151.0705818176269,145.47684087862126,228.83464455450635,45.23008759179216,31.289937692707717,5.593740939005642,5
267,957561,2021-03-10 02:40:00,1993.054559326174,1932.2511727349615,2030.3908311393373,1824.7846700272096,3697.051820960444,60.80338659121253,5
268,957586,2021-03-10 06:50:00,1583.0606994628915,1721.5267621857208,1832.0300924343803,1632.2335454396564,19172.850525962494,138.4660627228293,5
269,957609,2021-03-10 10:40:00,2033.4227355957048,2030.344221364313,2136.3483226619473,1925.4762571191409,9.47724987288224,3.078514231391864,5
270,957626,2021-03-10 13:30:00,2052.9420837402363,2016.2245844088068,2114.2350726775376,1923.2578297105547,1348.1747571535263,36.71749933142951,5
271,957627,2021-03-10 13:40:00,2042.770084156712,2003.8596063278517,2130.582807821539,1898.005903239796,1514.025284870254,38.91047782886062,5
272,957649,2021-03-10 17:20:00,2042.235675048831,2050.399440380412,2150.648012593088,1928.5914152950145,66.64706438912158,8.163765331580862,5
273,957684,2021-03-10 23:10:00,2038.8488159179703,2058.9681388148815,2168.396698900252,1956.0183167659793,404.78715383017413,20.11932289691117,5
274,957770,2021-03-11 13:30:00,1778.229412841799,1802.0861694982464,1897.345562566642,1712.1900509256948,569.1448381649515,23.856756656447487,5
275,957783,2021-03-11 15:40:00,1258.7118041992196,1275.2714853460716,1372.61693331204,1187.078367485837,274.2230396854046,16.559681146851972,5
276,957791,2021-03-11 17:00:00,1962.8346923828144,1906.434055861319,1989.866733128163,1829.9817539465023,3181.031800029849,56.40063652149547,5
277,957798,2021-03-11 18:10:00,1926.4636840820324,1871.423833635438,1963.8450324648445,1772.653156003886,3029.3851371834917,55.03985044659453,5
278,957838,2021-03-12 00:50:00,2046.8395507812525,1959.6478689883832,2077.0282345481287,1867.296495307694,7602.389373868977,87.1916817928693,5
279,957839,2021-03-12 01:00:00,2044.003814697267,2039.2848119007651,2117.9962699072084,1928.1141974237496,22.26898739339232,4.719002796501854,5
280,957843,2021-03-12 01:40:00,2042.571771240236,1990.6143771439604,2087.72242787567,1912.799320526544,2699.5708012757073,51.95739409627572,5
281,957856,2021-03-12 03:50:00,1122.7135711669937,1052.7079874860142,1140.0304397207926,972.719724792844,4900.781746514623,70.0055836809795,5
282,957900,2021-03-12 11:10:00,2033.7647766113305,2027.713481691639,2113.917141309857,1921.5938002251703,36.61817020508536,6.0512949196916,5
283,957910,2021-03-12 12:50:00,1679.9829193115245,1896.3613096483948,2000.748130174828,1812.3409480622545,46819.60780477502,216.37839033687032,5
284,957912,2021-03-12 13:10:00,1968.0622253417996,2044.1717563950335,2148.643236648282,1945.4427281390003,5792.660717143179,76.10953105323392,5
285,957936,2021-03-12 17:10:00,1691.3835083007834,1819.0997708797352,1907.352790107162,1730.769962108246,16311.443727135804,127.71626257895196,5
286,957950,2021-03-12 19:30:00,1390.8707214355477,1454.8907657035484,1543.939458807308,1359.3378601557224,4098.566068076766,64.02004426800067,5
287,957989,2021-03-13 02:00:00,2056.699243164065,2050.395325408121,2154.612051933902,1941.534054559883,39.73937907370585,6.303917755943985,5
288,169801,2021-01-20 16:30:00,2052.634765625001,1951.143133611357,2267.0952642289058,1627.4093059394766,10300.551368792929,101.491632013644,1
289,169805,2021-01-20 17:10:00,1964.306707763674,1987.1441731988127,2315.616076550216,1696.762306307303,521.5498275011554,22.83746543513871,1
290,169822,2021-01-20 20:00:00,1975.302294921877,1977.7717445032051,2306.9540043860093,1663.461015033437,6.09818123472121,2.4694495813280355,1
291,169835,2021-01-20 22:10:00,2037.8062805175791,1993.4786110058585,2295.6966705189643,1665.8813162281845,1964.9422843403256,44.327669511720615,1
292,170011,2021-01-22 03:30:00,1796.914819335938,1792.634499026178,2116.221917002597,1437.244476208134,18.321141954144796,4.2803203097601,1
293,170034,2021-01-22 07:20:00,1501.9044128417977,1622.3563240472477,1916.841598673681,1307.772822997979,14508.662913045602,120.45191120544996,1
294,170042,2021-01-22 08:40:00,1792.0297851562505,1216.727822915301,1486.7071402585334,916.9854321786808,330972.34775828687,575.3019622409495,1
295,170058,2021-01-22 11:20:00,628.6727310180664,406.2912532527839,741.1871899276472,116.47297848868573,49453.52165307084,222.3814777652825,1
296,170161,2021-01-23 04:30:00,396.6496551513672,374.4416201399485,680.8104857533679,46.674108595751775,493.1968190683989,22.2080350114187,1
297,170187,2021-01-23 08:50:00,213.6402061462404,209.65373372024231,559.3199660096443,-78.1541669959733,15.891962403242736,3.986472425998045,1
298,170203,2021-01-23 11:30:00,400.52528381347656,282.02448925652635,550.8432732289033,18.168542583115748,14042.43831062852,118.5007945569502,1
299,170216,2021-01-23 13:40:00,529.2754379272462,405.5906856562205,673.939275046766,140.7557354124087,15297.917944345018,123.6847522710258,1
300,170239,2021-01-23 17:30:00,623.6724609375,295.5345959511522,630.0552730478314,9.698624872756213,107674.4584377986,328.1378649863478,1
301,170241,2021-01-23 17:50:00,425.5430201480265,399.2916745617035,727.9649276523395,94.1532224194248,689.1331450925629,26.251345586323055,1
302,170291,2021-01-24 02:10:00,293.73369064331064,263.4741615295624,537.3579358426916,-13.840736530606671,915.639102185776,30.259529113748215,1
303,170319,2021-01-24 06:50:00,186.2880004882813,171.69731929088604,573.9674759561268,-132.57258017494294,212.88797780402388,14.59068119739527,1
304,170348,2021-01-24 11:40:00,287.68505783081054,414.82885834958256,706.5269386591847,71.22450693012917,16165.546010357291,127.14380051877204,1
305,170352,2021-01-24 12:20:00,269.9797508239748,473.1439554637953,796.2078457901501,191.77422828592324,41275.69404693085,203.16420463982047,1
306,170371,2021-01-24 15:30:00,111.26906547546388,122.7240594606522,412.4376756077282,-187.21910767599255,131.21688720070068,11.454993985188324,1
307,170551,2021-01-25 21:30:00,1818.8216857910172,1621.486315711257,1920.8267122683303,1292.5854658637368,38941.24828451592,197.3353700797602,1
308,170560,2021-01-25 23:00:00,1896.596621864721,2006.66532748642,2313.732516572284,1628.074937834596,12115.119957236257,110.06870562169912,1
309,170615,2021-01-26 08:10:00,399.9896209716798,476.5080361449717,819.0753485860898,181.41063819196987,5855.067860632257,76.51841517329183,1
310,170667,2021-01-26 16:50:00,1325.7433502197275,1313.6691981487377,1664.5879610810898,1015.8922658737074,145.78514823338824,12.07415207098984,1
311,170676,2021-01-26 18:20:00,1157.1883758544932,1280.7638562375644,1557.023099163894,1005.2259456421116,15270.89935190681,123.57548038307118,1
312,170677,2021-01-26 18:30:00,1529.1940704345711,1626.85915086434,1919.8483155662673,1353.621940032781,9538.467935353245,97.66508042976898,1
313,170751,2021-01-27 06:50:00,668.7181518554688,614.9495526641826,940.7125813827712,267.10040717278247,2891.06225899318,53.76859919128617,1
314,170769,2021-01-27 09:50:00,399.2282180786133,394.1644466546698,670.9856708861232,120.35140194472788,25.641781033946565,5.063771423943479,1
315,170867,2021-01-28 02:10:00,259.1436576843263,321.01757701875925,652.9572800531346,-2.6181016437272455,3828.381893803918,61.87391933443297,1
316,170882,2021-01-28 04:40:00,64.23160514831542,69.18955267747428,381.7144794925108,-285.1688582909734,24.581243701892426,4.957947529158858,1
317,170900,2021-01-28 07:40:00,1752.0275814658737,1405.7884835083585,1686.684371958326,1095.0050301683757,119881.51295443384,346.23909795751524,1
318,170950,2021-01-28 16:00:00,260.3670921325684,278.487449579114,593.9198756701053,-14.688789315677418,328.3473539905805,18.120357446545597,1
319,170962,2021-01-28 18:00:00,290.8755783081056,343.6122907644532,636.8744723264803,31.981503664185126,2781.160840703484,52.73671245634756,1
320,170997,2021-01-28 23:50:00,1146.878909301758,1087.6569870076935,1405.2239522573568,765.8277040360172,3507.2360802042253,59.2219222940646,1
321,171014,2021-01-29 02:40:00,2057.843151855471,1976.6673894650748,2306.2102993285384,1640.674327295755,6589.504399662088,81.17576239039636,1
322,171079,2021-01-29 13:30:00,1331.1741943359375,1714.5826250814016,2092.5190257137897,1388.4164676181658,147002.02476669935,383.4084307454641,1
323,171085,2021-01-29 14:30:00,922.1124282836918,865.1104594218708,1149.9367854700265,555.5846000018406,3249.2244541240057,57.00196886182096,1
324,171107,2021-01-29 18:10:00,300.97058029174804,323.9587578705354,636.3032782845917,-20.776772088579712,528.4563083938624,22.988177578787372,1
325,171116,2021-01-29 19:40:00,356.8624938964846,387.82409459263545,704.6866484679967,95.31161884921734,958.6207176678898,30.961600696150867,1
326,171118,2021-01-29 20:00:00,218.0279190063477,266.62798148956165,561.2525391166794,-49.59391864358121,2361.9660733723,48.60006248321395,1
327,171136,2021-01-29 23:00:00,317.9422729492188,312.66642859615376,650.398965443508,19.167170814076925,27.834533637768416,5.275844353065054,1
328,171191,2021-01-30 08:10:00,1457.203906250001,1558.340559376362,1915.555825237098,1227.787162849623,10228.622605601846,101.1366531263609,1
329,171238,2021-01-30 16:00:00,1729.6997253417985,1499.697307078338,1794.565411442774,1207.138306562446,52901.112407039895,230.00241826346064,1
330,171256,2021-01-30 19:00:00,1313.7868621826178,1231.1926542691394,1523.2506845192888,914.0256303208224,6821.803180854896,82.59420791347839,1
331,171308,2021-01-31 03:40:00,401.6494384765625,399.7528180501176,673.8669732310909,122.6410653588288,3.5971690420081868,1.89662042644494,1
332,171324,2021-01-31 06:20:00,687.53426361084,648.9231110222348,1007.647109738346,351.9090981748163,1490.8211042205492,38.61115258860514,1
333,171338,2021-01-31 08:40:00,559.4248947143556,494.54383418129504,759.7499817057128,134.14432069581355,4209.552015894664,64.88106053306052,1
334,171639,2021-02-02 17:20:00,1307.017941284181,1296.0005288218852,1602.3705539239672,973.170236331262,121.38337736435194,11.017412462295852,1
335,171660,2021-02-02 20:50:00,1121.510470581055,933.098511554015,1220.2129148353768,652.820015131931,35499.066304406995,188.41195902704,1
336,171678,2021-02-02 23:50:00,1277.2894439697277,1054.314646063876,1365.4687995903082,779.7008398398616,49717.760501155455,222.9747979058518,1
337,171728,2021-02-03 08:10:00,180.9516593933105,208.17429832992855,534.9664337835811,-122.65471079907994,741.0720706734726,27.22263893661804,1
338,171765,2021-02-03 14:20:00,339.61176910400394,568.126181820936,896.543254794202,275.1750879874729,52218.83681936438,228.5144127169321,1
339,171779,2021-02-03 16:40:00,604.0405639648438,582.1809771790951,862.0989932711351,304.15140790077606,477.84153444368246,21.859586785748775,1
340,171809,2021-02-03 21:40:00,710.6384216308595,778.7418121372896,1080.2549287880888,513.7476380705275,4638.071798471308,68.10339050643006,1
341,171812,2021-02-03 22:10:00,504.517335510254,599.8944969219233,949.1303047158418,290.93343558107165,9096.80291894762,95.3771614116693,1
342,171835,2021-02-04 02:00:00,890.0662658691406,1015.7190176807572,1388.3695451532406,721.0728858883591,15788.614037831736,125.65275181161668,1
343,171867,2021-02-04 07:20:00,358.51051635742186,376.6049740929968,707.4266765416601,80.08991170554933,327.4094007445086,18.094457735574963,1
344,171916,2021-02-04 15:30:00,541.1417510986328,431.974112634237,762.7049998490455,104.25078353968556,11917.573287893028,109.1676384643958,1
345,171931,2021-02-04 18:00:00,241.986312866211,401.8479023018981,678.185391941614,103.20022872735407,25555.727776904187,159.8615894356871,1
346,171940,2021-02-04 19:30:00,324.596509552002,284.1119293162883,615.1350267518185,-18.57734008642745,1639.0012368619389,40.48458023571368,1
347,171971,2021-02-05 00:40:00,142.02990074157717,201.36515276668985,517.5444795046526,-97.25389408336191,3520.6721328836384,59.33525202511268,1
348,171990,2021-02-05 03:50:00,141.38586044311532,137.76492230787434,492.27928709775966,-161.91223629460987,13.1111929792424,3.620938135240976,1
349,172008,2021-02-05 06:50:00,181.9466678619385,211.8310780012063,562.6668672238943,-90.89106744655938,893.0779693719721,29.8844101392678,1
350,176113,2021-03-05 19:40:00,26.51992094218731,56.76740198758257,338.7995613653642,-273.30725161921606,914.9101095915458,30.247481045395265,1
351,176124,2021-03-05 21:30:00,135.94489593505867,160.7808744015047,514.9286346235086,-82.07817625514294,616.8258263857705,24.835978466446026,1
352,176129,2021-03-05 22:20:00,34.78932039737701,77.99049382814394,489.2294324149028,-237.10359319847095,1866.3413857952023,43.20117343076693,1
353,176138,2021-03-05 23:50:00,94.55120201110844,231.89234103150855,589.5165205408356,-78.96369181972518,18862.58846742087,137.3411390204001,1
354,176310,2021-03-07 04:30:00,-1.356157022342086,29.10507764608508,373.2200698979037,-303.8638489431991,927.8868175249892,30.461234668427167,1
355,176395,2021-03-07 18:40:00,202.9215553283693,103.10753078904315,392.2008574261271,-186.7843096612422,9962.839494737198,99.81402453932613,1
356,176399,2021-03-07 19:20:00,340.02522888183614,222.95382311347663,540.909392879463,-66.76359884997638,13705.71404857988,117.07140576835953,1
357,176414,2021-03-07 21:50:00,284.5723747253418,353.8827922350765,691.8818373904148,38.20588121258966,4803.933975373745,69.31041750973475,1
358,176420,2021-03-07 22:50:00,225.7962158203125,206.2081984906481,525.511402010918,-115.63484549965486,383.69042290723326,19.58801732966441,1
359,176551,2021-03-08 20:40:00,834.4768920898438,955.225846637014,1204.3909618250525,644.8675017257647,14580.310024234584,120.74895454717024,1
360,176592,2021-03-09 03:30:00,507.93781127929697,604.2318302834433,871.9561522460807,296.78413627919844,9272.538095970893,96.29401900414632,1
361,176608,2021-03-09 06:10:00,1085.9531280517583,985.738303462652,1296.2408325197798,670.9345291486432,10043.01106742533,100.21482458910624,1
362,176655,2021-03-09 14:00:00,314.1851543426514,244.5948257164514,512.0108126296358,-106.0505972904902,4842.813838302512,69.5903286262,1
363,176731,2021-03-10 02:40:00,1817.2931457519555,1845.454420183528,2114.4487533357646,1591.7060420735766,793.0573776103299,28.161274431572338,1
364,176756,2021-03-10 06:50:00,1991.1647583007828,1916.6574696586656,2196.370544093741,1594.8876321822702,5551.336060799725,74.50728864211692,1
365,176779,2021-03-10 10:40:00,2009.554083251956,2016.8593669729153,2334.022210172289,1685.2983022648514,53.367170243713296,7.3052837209593235,1
366,176796,2021-03-10 13:30:00,2055.211187744143,2012.66894260284,2337.490389366316,1713.004942202133,1809.842621662704,42.54224514130283,1
367,176797,2021-03-10 13:40:00,2041.2165599149823,1984.5429200904,2301.8522404542423,1676.6051618306665,3211.901450966458,56.6736398245821,1
368,176819,2021-03-10 17:20:00,2048.117358398439,2023.8737888801493,2338.07968768141,1679.8788275887352,587.7506629881532,24.24356951828986,1
369,176854,2021-03-10 23:10:00,2039.1678344726583,2015.2720595047217,2357.672123840704,1666.864868651031,571.0080613182778,23.89577496793686,1
370,176940,2021-03-11 13:30:00,2024.2272949218768,1885.83877009252,2184.0663944193157,1560.840427819532,19151.383804445508,138.3885248293568,1
371,176953,2021-03-11 15:40:00,1594.0312286376966,1727.7522575474086,2026.203204302481,1475.4812599105287,17881.313572672032,133.721028909712,1
372,176961,2021-03-11 17:00:00,2006.825024414064,1955.008548997836,2270.118730734672,1644.4660074792523,2684.9471245605905,51.816475416228286,1
373,176968,2021-03-11 18:10:00,2053.142169189456,1805.16371928178,2113.2649423161165,1509.756216019069,61493.31161861384,247.97844990767612,1
374,177008,2021-03-12 00:50:00,2022.5765502929696,1995.033214574624,2283.5227999523568,1710.348516529978,758.6353424935044,27.543335718345816,1
375,177009,2021-03-12 01:00:00,2001.0282043457064,2003.2803410530544,2323.552228049524,1681.6065599672895,5.072119748584166,2.2521367073479723,1
376,177013,2021-03-12 01:40:00,1949.2557128906271,1941.4864767863396,2291.282689176829,1669.155007201235,60.36102964416486,7.769236104287529,1
377,177026,2021-03-12 03:50:00,1049.4466186523446,989.5518258157816,1302.101768706034,722.7834570770603,3587.3862089348054,59.894792836563056,1
378,177070,2021-03-12 11:10:00,2070.156555175784,1986.1547639867408,2298.7344848058974,1678.8828968317423,7056.300922967609,84.00179118904316,1
379,177080,2021-03-12 12:50:00,1916.6867370605487,1832.4895677433396,2124.95060568523,1538.972019406769,7089.163321030768,84.19716931720905,1
380,177082,2021-03-12 13:10:00,2024.7198059082068,1923.937468721898,2213.1519516093417,1641.2885200273852,10157.079488734826,100.78233718630872,1
381,177106,2021-03-12 17:10:00,1949.3565673828157,1916.4645525225053,2235.240480554786,1582.7900734967598,1081.884641570879,32.89201486031038,1
382,177120,2021-03-12 19:30:00,1465.1695373535165,1511.781782283838,1825.2167804456592,1157.9283604803084,2172.701377444291,46.612244930321594,1
383,177159,2021-03-13 02:00:00,2052.277313232424,2029.918572347985,2322.2773248858753,1706.994993571644,499.9132939374911,22.35874088443916,1
384,365146,2021-01-20 16:30:00,1994.3905090332055,2020.822845335903,2153.1908072277665,1872.428569128676,698.668402418884,26.432336302697195,2
385,365150,2021-01-20 17:10:00,2016.6202026367212,2068.4550299289494,2174.9762127510076,1941.6523662737773,2686.849320415134,51.83482729222828,2
386,365167,2021-01-20 20:00:00,2058.5021587171086,2057.4798863649744,2225.8703135924693,1929.3985663901888,1.0450407619380373,1.0222723521342232,2
387,365180,2021-01-20 22:10:00,2027.834652549344,1957.471354857028,2123.135196117642,1810.009359465682,4950.993662137434,70.36329769231565,2
388,365356,2021-01-22 03:30:00,1883.9229370117212,1810.7317042056832,1941.1523970950664,1695.7936085015908,5356.956559667651,73.19123280603799,2
389,365379,2021-01-22 07:20:00,1634.0660095214848,1557.2248956784044,1685.58947541226,1418.6586681879592,5904.556776645241,76.8411138430804,2
390,365387,2021-01-22 08:40:00,1722.57279663086,1664.405248782127,1787.5338185295286,1524.7819327822704,3383.463622734639,58.167547848732966,2
391,365403,2021-01-22 11:20:00,305.15430811831834,298.8422040082536,415.3227018093914,187.268765581055,39.84265829629633,6.312104110064752,2
392,365506,2021-01-23 04:30:00,363.73116378784187,429.55823695171273,555.5325930525108,303.99123033433756,4333.203561321608,65.82707316387086,2
393,365532,2021-01-23 08:50:00,277.22090377807626,267.13804548286873,392.54759438998633,152.9758370774366,101.66403140123528,10.08285829520753,2
394,365548,2021-01-23 11:30:00,401.1692443847658,359.96488566396397,480.11691297630415,214.3486287323359,1697.7991775925195,41.20435872080185,2
395,365561,2021-01-23 13:40:00,733.4123199462891,632.8907232481843,745.5207143929134,517.0140082240246,10104.591402736449,100.52159669810489,2
396,365584,2021-01-23 17:30:00,607.9542139956827,553.2894119406973,662.762327578067,428.0964789302176,2988.240583710741,54.66480205498544,2
397,365586,2021-01-23 17:50:00,564.1556219803659,525.6417533356297,641.5750645295855,408.1169289192024,1483.318077983998,38.51386864473625,2
398,365636,2021-01-24 02:10:00,305.7056243896487,238.88051114201008,349.32887048141976,122.40540672626447,4465.595760559723,66.8251132476386,2
399,365664,2021-01-24 06:50:00,24.80156809091567,18.93525109332819,145.94948314666115,-126.89532179312504,34.41367511618373,5.866316997587475,2
400,365693,2021-01-24 11:40:00,469.8798400878907,407.0064025419172,537.4349673322496,299.3927342689199,3953.0691488474376,62.87343754597356,2
401,365697,2021-01-24 12:20:00,578.8252395629881,468.0845447350601,592.1527726693329,342.0092046402305,12263.50149097229,110.74069482792804,2
402,365716,2021-01-24 15:30:00,109.51633081436157,84.15860727768366,199.9121256751627,-29.531653063859384,643.0141429625888,25.35772353667791,2
403,365896,2021-01-25 21:30:00,1934.07083129883,1722.736692905605,1851.2343712595,1601.0492732583632,44662.11805040677,211.33413839322495,2
404,365905,2021-01-25 23:00:00,2035.644940185549,1930.117563476458,2050.3360408614103,1821.9604333987895,11136.027235102392,105.52737670909096,2
405,365960,2021-01-26 08:10:00,407.20141448974624,384.2220125704692,503.1514542371749,262.92497000382446,528.0529125676738,22.979401919277052,2
406,366012,2021-01-26 16:50:00,1665.5284606933612,1641.6635729194577,1785.6936819741677,1518.1598945472465,569.532868461011,23.864887773903547,2
407,366021,2021-01-26 18:20:00,1822.767742919923,1701.6394646093834,1807.6224863007023,1594.214586908658,14672.059806475538,121.1282783105396,2
408,366022,2021-01-26 18:30:00,1928.6522338867208,1872.2008214620323,1995.3036333954624,1750.219680473705,3186.761964742243,56.451412424688215,2
409,366096,2021-01-27 06:50:00,709.9517608642578,660.5297216542452,788.431518030474,548.7602676132137,2442.537959676022,49.4220392100126,2
410,366114,2021-01-27 09:50:00,498.21631927490233,461.34069625900565,568.272890142204,346.4683571023983,1359.8115728105288,36.87562301589668,2
411,366212,2021-01-28 02:10:00,309.5289642333985,296.21297284822174,427.7803392349618,174.3766954609112,177.31562657010127,13.315991385176744,2
412,366227,2021-01-28 04:40:00,38.14288943409922,21.04603020469345,148.73039359221315,-100.54091784028849,292.3025955101171,17.096859229405766,2
413,366245,2021-01-28 07:40:00,1589.470568847657,1535.5737994829192,1665.6925942761477,1430.299017954207,2904.8617479557383,53.89676936473779,2
414,366295,2021-01-28 16:00:00,247.9112022399904,267.3688382797988,383.9906371949158,134.95791671644176,378.5996002576515,19.45763603980842,2
415,366307,2021-01-28 18:00:00,314.8958015441896,318.16515406070107,415.7679239506198,175.3413334900356,10.688665877219728,3.2693525165114465,2
416,366342,2021-01-28 23:50:00,1372.3555419921895,1339.072541028362,1465.831645478304,1218.754505431684,1107.7581531581482,33.28300096382759,2
417,366359,2021-01-29 02:40:00,2045.1712036132835,1996.4903642230831,2106.8563848258027,1876.6983060956288,2369.8241237344637,48.68083939020016,2
418,366424,2021-01-29 13:30:00,1800.0381317138697,1720.1371411592334,1841.4105627601837,1614.1069819210302,6384.168291612085,79.90099055463634,2
419,366430,2021-01-29 14:30:00,695.828573608399,718.5870667737264,849.8759200017408,604.1634988498818,517.949011156255,22.758493165327423,2
420,366452,2021-01-29 18:10:00,262.1672073364258,297.68367556845664,409.36484667325425,189.20155613412103,1261.419515676855,35.51646823203083,2
421,366461,2021-01-29 19:40:00,254.8226211547852,303.98879926081287,425.25649430277787,178.69829996952447,2417.3130695536347,49.16617810602767,2
422,366463,2021-01-29 20:00:00,237.7095291137697,288.1771812466955,409.7696640589183,158.14080556247384,2546.983911810012,50.46765213292582,2
423,366481,2021-01-29 23:00:00,322.3636207580567,322.33707194734166,442.2807869669031,205.0755711753567,0.0007048393503831,0.0265488107150417,2
424,366536,2021-01-30 08:10:00,1650.8482849121108,1607.3317351628468,1714.731524165579,1482.653178436412,1893.6901020801652,43.51654974926396,2
425,366583,2021-01-30 16:00:00,1518.547973632813,1572.9865641854803,1685.5975486908264,1450.0695815090887,2963.5601413609675,54.43859055266739,2
426,366601,2021-01-30 19:00:00,1430.1227966308602,1443.377072472265,1565.916374380676,1301.0745892451882,175.6758280800384,13.254275841404478,2
427,366653,2021-01-31 03:40:00,340.2882469177247,311.41022185118453,420.3131000181228,198.37219686974893,833.940331743721,28.878025066540147,2
428,366669,2021-01-31 06:20:00,592.8022079467775,458.9756338226293,585.0640821854727,350.14326338039456,17909.551941806127,133.82657412414818,2
429,366683,2021-01-31 08:40:00,431.72577514648447,392.39532756773855,493.56828737427895,258.60414988792803,1546.8841067444807,39.33044757874592,2
430,366985,2021-02-02 17:20:00,1512.775677490237,1500.4284167296933,1613.1487114205202,1388.6396197632723,152.45484828886475,12.347260760543804,2
431,367006,2021-02-02 20:50:00,1297.2131958007824,1333.1276305355825,1453.4547605975504,1218.697065153701,1289.8466223202176,35.914434734800125,2
432,367024,2021-02-02 23:50:00,1358.5231445312495,1356.4356194617092,1477.6510730372215,1249.8312972188337,4.357760915959376,2.087525069540334,2
433,367074,2021-02-03 08:10:00,207.78789291381852,188.8432434599522,310.5694783984092,90.02299968535822,358.89974292987796,18.944649453866333,2
434,367111,2021-02-03 14:20:00,474.8945228576661,529.5427843742215,646.238400067358,416.94492384980975,2986.4324867818245,54.64826151655535,2
435,367125,2021-02-03 16:40:00,607.3340347290039,556.8451149403849,694.3442408510185,420.0408731019792,2549.1310214216032,50.488919788619,2
436,367155,2021-02-03 21:40:00,750.9991485595704,715.1803118633212,842.7695593272574,569.2876923970276,1282.9890622725648,35.81883669624915,2
437,367158,2021-02-03 22:10:00,527.0009963989257,571.8884685051819,681.5788292786511,459.3839224118784,2014.8851520899243,44.887472106256155,2
438,367181,2021-02-04 02:00:00,1045.494207763674,1183.7307826725423,1313.4866022273538,1042.1862707781202,19109.35064253516,138.2365749088683,2
439,367213,2021-02-04 07:20:00,412.1755065917969,385.3401550123184,497.31185872803553,267.2186667995568,720.1360943942176,26.83535157947847,2
440,367262,2021-02-04 15:30:00,301.96876602172847,338.3475375521033,459.25174532834615,229.21770679921775,1323.4150180592096,36.37877153037482,2
441,367277,2021-02-04 18:00:00,502.3042526245119,453.7732112109252,570.8776805893527,335.8044957878238,2355.261980687268,48.531041413586706,2
442,367286,2021-02-04 19:30:00,172.09500362998557,149.3435053294786,258.55573114551703,34.00284049119876,517.6306749179714,22.751498300506967,2
443,367317,2021-02-05 00:40:00,218.64904670715327,184.65163408741645,292.8093440242024,73.91786154260697,1155.8240648366404,33.99741261973682,2
444,367336,2021-02-05 03:50:00,126.99063034057616,125.5040516394491,250.89508505771323,7.840199080584774,2.209916234644612,1.4865787011270584,2
445,367354,2021-02-05 06:50:00,245.094679260254,234.46714656899553,362.4335147425806,132.16153851337617,112.9444511037674,10.627532691258466,2
446,371463,2021-03-05 19:40:00,81.53831214904787,50.96691034574762,184.96289811622992,-85.34926730447503,934.6106082188296,30.571401803300247,2
447,371474,2021-03-05 21:30:00,242.5972564697266,254.19316341217473,359.4625028884788,129.7765196700264,134.4650578179166,11.595906942448124,2
448,371479,2021-03-05 22:20:00,49.59325470924375,30.87713996172987,143.39446956139017,-78.93862031902607,350.2929512421066,18.71611474751388,2
449,371488,2021-03-05 23:50:00,51.24855899810791,39.11036231419525,180.47182228487165,-122.1341783669744,147.33581873734832,12.13819668391266,2
450,371660,2021-03-07 04:30:00,-1.5060705363750444,-2.9852409521166994,135.11780866238112,-106.9246159993458,2.1879451188053403,1.479170415741655,2
451,371737,2021-03-07 18:40:00,199.56185302734372,164.29877533294896,287.3877899983338,37.217789653691845,1243.484648480921,35.26307769439475,2
452,371741,2021-03-07 19:20:00,347.6728576660156,335.1466049753956,445.66104430149846,217.8702038480036,156.90700646926544,12.526252690620026,2
453,371756,2021-03-07 21:50:00,548.6954833984375,564.186594900852,697.4659035276925,443.9517959058607,239.97453558023787,15.49111150241447,2
454,371762,2021-03-07 22:50:00,298.53755950927746,311.87284908755976,425.4702226505688,199.46968753364297,177.8299481366445,13.3352895782823,2
455,371893,2021-03-08 20:40:00,1157.8724060058605,1131.804608322145,1246.3748770488248,996.5520785425282,679.5300760791246,26.06779768371553,2
456,371934,2021-03-09 03:30:00,841.3098541259766,848.799913214904,971.4950814626028,740.7625079853933,56.1009851556241,7.49005908892741,2
457,371950,2021-03-09 06:10:00,1219.717999267579,1263.2802844085918,1406.4384906183263,1140.174899794165,1897.672686706905,43.56228514101281,2
458,371997,2021-03-09 14:00:00,284.0223701477052,268.9119828610558,385.47593492851456,137.90864966351168,228.32380395253665,15.110387286649429,2
459,372073,2021-03-10 02:40:00,1974.4721252441425,2053.449894535661,2165.409498176396,1923.8918087828888,6237.488042264302,78.97776929151837,2
460,372098,2021-03-10 06:50:00,1981.3008178710952,1965.8232693450375,2102.2392214633687,1842.5525385953715,239.5545083764644,15.47754852605749,2
461,372121,2021-03-10 10:40:00,2057.1458068847683,2060.249767091944,2187.2898787909926,1922.3327701784776,9.634568967731996,3.1039602071759873,2
462,372138,2021-03-10 13:30:00,2051.368157958987,2028.700438907288,2167.448936285455,1894.3443030753767,513.8254870067531,22.667719051698896,2
463,372139,2021-03-10 13:40:00,2033.2417925666375,2050.534732548347,2188.861693775029,1928.5316998730643,299.0457732110122,17.29293998170965,2
464,372161,2021-03-10 17:20:00,2029.894476318362,2031.6039642296475,2153.596961328586,1905.1728628709784,2.9223489188315277,1.709487911285578,2
465,372196,2021-03-10 23:10:00,2055.276251541943,2048.7110034413163,2176.779596853145,1920.273155640884,43.10248262278422,6.565248100626832,2
466,372282,2021-03-11 13:30:00,1597.2052398681656,1636.4842679211154,1766.520640347232,1498.010222144114,1542.842044784417,39.2790280529498,2
467,372295,2021-03-11 15:40:00,1982.9766235351583,1881.5909598191947,1987.2545641241247,1775.7657418885772,10279.052807126453,101.38566371596356,2
468,372303,2021-03-11 17:00:00,2017.4781372070331,2027.7080439992428,2156.251627482894,1899.16877423646,104.65099297729824,10.229906792209704,2
469,372310,2021-03-11 18:10:00,2015.4976379394552,2016.3181104915943,2150.1029751017827,1895.0178051321031,0.6731752088140349,0.8204725521393357,2
470,372350,2021-03-12 00:50:00,2042.7137268066424,1978.2053220455396,2093.8283339071245,1861.2249543822377,4161.334284822276,64.50840476110284,2
471,372351,2021-03-12 01:00:00,2051.378796386721,1991.56066315148,2110.825915389466,1848.380657483044,3578.2090637490737,59.81813323524125,2
472,372355,2021-03-12 01:40:00,2047.7412109375025,2000.395511759942,2105.2559633054616,1872.5170573923065,2241.6152306120425,47.34569917756039,2
473,372368,2021-03-12 03:50:00,1304.0023895263685,1263.042168388582,1382.4030202441877,1147.3542054408406,1677.7397156563677,40.96022113778645,2
474,372412,2021-03-12 11:10:00,2043.811187744142,2044.542807338388,2170.951130215387,1924.9067900595255,0.5352672306850329,0.73161959424624,2
475,372422,2021-03-12 12:50:00,1770.36566772461,1951.4492850862855,2077.673245723343,1809.3297006028424,32791.27647678973,181.0836173616756,2
476,372424,2021-03-12 13:10:00,2010.1767028808613,2044.4949882838785,2171.4106536961353,1930.218414837656,1177.744713002926,34.318285403016944,2
477,372448,2021-03-12 17:10:00,1953.501025390627,1913.8634831502384,2026.0807449614535,1803.0447962067367,1571.1347548586173,39.63754224038894,2
478,372462,2021-03-12 19:30:00,1660.961941528322,1588.8481647266633,1730.7439805290917,1455.3706881938083,5200.396804599461,72.11377680165879,2
479,372501,2021-03-13 02:00:00,2044.625878906252,2060.113959328699,2194.901480790947,1948.624089969534,239.88063517218467,15.488080422446956,2
480,1145887,2021-01-20 16:30:00,2028.82048339844,1985.6298637595555,2102.175572451151,1871.848521087985,1865.4296247907976,43.19061963888453,6
481,1145891,2021-01-20 17:10:00,1877.0472839355496,1910.28582839551,2011.6627717554657,1811.0160708517028,1104.8008378167638,33.238544459960394,6
482,1145908,2021-01-20 20:00:00,2039.4410217285176,1993.126508731496,2112.166814678766,1884.3709425237057,2145.0341141512886,46.314512997021666,6
483,1145921,2021-01-20 22:10:00,2042.862567138674,2018.9514183031024,2138.6239211535276,1912.8098450519085,571.7430386368663,23.91114883557179,6
484,1146097,2021-01-22 03:30:00,950.0813262939464,1063.984572334737,1184.5975792262873,966.552341962584,12973.9494586289,113.90324604079068,6
485,1146120,2021-01-22 07:20:00,1045.2300964355477,1131.4634244822155,1228.646568648063,1024.1194875358267,7436.186866004222,86.2333280466678,6
486,1146128,2021-01-22 08:40:00,662.6422714233402,592.6340365086301,715.6678120941045,484.09391918861473,4901.1529558732345,70.0082349147101,6
487,1146144,2021-01-22 11:20:00,359.9004188537598,333.98517614097034,434.01363533644775,209.5336039053232,671.5998048627866,25.91524271278945,6
488,1146247,2021-01-23 04:30:00,279.19701690673844,284.202630945565,375.6397667931653,184.7564525928989,25.05617190569731,5.005614038826536,6
489,1146273,2021-01-23 08:50:00,58.24057240486144,60.24678984920978,179.52596814791022,-22.982491237997863,4.024908434007602,2.0062174443483443,6
490,1146289,2021-01-23 11:30:00,216.65838394165053,162.82963278412382,267.18644921697535,51.66686721020271,2897.534451178933,53.82875115752671,6
491,1146302,2021-01-23 13:40:00,382.6828147888185,337.14985450956834,441.9633147418688,227.9895693262289,2073.250471791774,45.532960279250176,6
492,1146325,2021-01-23 17:30:00,156.54087352752683,124.87236566187876,222.00807665077824,2.2501923094443006,1002.8943904366126,31.668507865648053,6
493,1146327,2021-01-23 17:50:00,213.2230883146586,213.05434739428455,318.2970337860063,135.18654305701304,0.0284734982086762,0.1687409203740344,6
494,1146377,2021-01-24 02:10:00,74.12227115631109,85.20223835800492,178.6681933752857,-18.63970572026853,122.76567319061108,11.079967201693831,6
495,1146405,2021-01-24 06:50:00,121.02409362792967,110.41046926327272,221.65786805045113,-0.8493042079312285,112.64902215403949,10.613624364656944,6
496,1146434,2021-01-24 11:40:00,304.5404235839844,332.34273711371304,447.4630717806393,206.69991701582651,772.9686376053312,27.80231352972862,6
497,1146438,2021-01-24 12:20:00,482.7486190795898,411.1935439004959,527.7042362235981,299.1864605415822,5120.128783885776,71.55507517909388,6
498,1146457,2021-01-24 15:30:00,84.19674682610918,75.82667125318068,174.03121538160525,-34.48119133168393,70.05816509653434,8.3700755729285,6
499,1146637,2021-01-25 21:30:00,598.3872589111328,501.16150059518066,626.4157136508528,390.64917832429313,9452.848080111937,97.22575831595212,6
500,1146646,2021-01-25 23:00:00,1296.9181274414073,1488.837577662661,1612.6805451507378,1387.960261754817,36833.07537322831,191.91945022125375,6
501,1146701,2021-01-26 08:10:00,162.4076366424561,248.54005371831548,351.6640426191563,147.8024189692107,7418.79327132979,86.13241707585937,6
502,1146753,2021-01-26 16:50:00,1173.608963012697,1129.409517249485,1269.3219645778302,1007.6423484515724,1953.591005775119,44.199445763212,6
503,1146762,2021-01-26 18:20:00,828.7067291259766,985.4202718258744,1094.4762532986704,875.6616747166263,24559.13446555271,156.71354269989786,6
504,1146763,2021-01-26 18:30:00,1362.3015930175775,1380.368005327197,1476.2259532524663,1270.5891807888588,326.3952537411677,18.06641230961941,6
505,1146837,2021-01-27 06:50:00,584.9261703491212,617.410720225907,746.7680329568573,497.590483432436,1055.245980697382,32.48454987678576,6
506,1146855,2021-01-27 09:50:00,332.64645080566413,293.27298722232064,395.7565409366157,180.32466044516843,1550.2696345488762,39.373463583343494,6
507,1146953,2021-01-28 02:10:00,317.55063476562503,311.1616064896987,418.66053877127194,192.7872269123922,40.81968231058588,6.389028275926307,6
508,1146968,2021-01-28 04:40:00,34.719219017028806,29.88363344154431,130.62529404426084,-82.51449536027992,23.382887857833737,4.835585575484497,6
509,1146986,2021-01-28 07:40:00,1239.5607588918597,1153.4894361390727,1258.1970798056734,1044.0920632121065,7408.272600414421,86.07132275278695,6
510,1147036,2021-01-28 16:00:00,309.4633377075196,283.0225142326842,392.7388041259196,176.27934872294898,699.1171460274059,26.440823474835383,6
511,1147048,2021-01-28 18:00:00,290.8382102966308,281.5976856296265,386.2619219229038,183.1785018181299,85.38729612151508,9.240524667004308,6
512,1147083,2021-01-28 23:50:00,422.0069290161133,383.0055402082318,503.99350332582816,272.57588647878964,1521.108328943543,39.00138880788148,6
513,1147100,2021-01-29 02:40:00,2035.8898254394555,1960.3012278758329,2041.2773448773908,1847.827726676528,5713.636081635337,75.5885975636229,6
514,1147165,2021-01-29 13:30:00,1198.1931152343748,1317.850018966394,1448.4123269248382,1208.4538740092903,14317.774610733695,119.65690373201916,6
515,1147171,2021-01-29 14:30:00,656.1865158081055,693.5025522233051,793.9202660660292,592.6864985407335,1392.486573740504,37.31603641519962,6
516,1147193,2021-01-29 18:10:00,226.6567985534668,244.03639970378865,330.16416062167286,156.76528889384016,302.05053614426697,17.379601150321804,6
517,1147202,2021-01-29 19:40:00,151.35764827728272,162.11423889300875,272.76339461418263,59.4815658245272,115.7042416743258,10.756590615726054,6
518,1147204,2021-01-29 20:00:00,135.10089416503902,154.89586022057674,255.68711579234665,53.3345207531249,391.8406811398903,19.794966055537714,6
519,1147222,2021-01-29 23:00:00,176.18452930450448,162.07465253704754,277.52199767761385,57.28987806617509,199.0886223928211,14.10987676745694,6
520,1147277,2021-01-30 08:10:00,1353.673297119141,1262.054108557791,1367.210964954362,1160.5378002102195,8394.07571264017,91.6191885613498,6
521,1147324,2021-01-30 16:00:00,1420.6819061279311,1279.9080003711465,1395.4423005004217,1177.667327542962,19817.29254202015,140.77390575678487,6
522,1147342,2021-01-30 19:00:00,1135.3684478759778,1014.5034868463129,1110.627128653437,906.3051280542174,14608.338804702462,120.8649610296651,6
523,1147394,2021-01-31 03:40:00,335.53979721069345,332.5993514782247,431.2664922394565,220.5170079925231,8.646221105593574,2.9404457324687314,6
524,1147410,2021-01-31 06:20:00,352.14443817138687,302.0741484253368,423.78420393271216,184.29647920562508,2507.0339152534093,50.07028974605009,6
525,1147424,2021-01-31 08:40:00,292.3800811767579,230.8803061005041,362.1655803819787,132.4035065741366,3782.2223344298113,61.499775076253826,6
526,1147725,2021-02-02 17:20:00,1345.6863159179693,1361.3350163482946,1484.638660616587,1264.3719531442373,244.88182515806432,15.648700430325334,6
527,1147746,2021-02-02 20:50:00,936.3433929443366,939.8216594099438,1046.2741016429916,832.0581474929952,12.09833760576715,3.4782664656071347,6
528,1147764,2021-02-02 23:50:00,1069.9588439941415,1090.0824131408274,1172.8649227292426,987.5028213161632,404.95803520144847,20.123569146685895,6
529,1147814,2021-02-03 08:10:00,82.33333923816684,103.13064528079023,200.3772963002166,7.218857551351038,432.5279386305399,20.797306042623404,6
530,1147851,2021-02-03 14:20:00,302.89233169555666,323.7462263983661,421.1436900516874,224.56024709131145,434.8849242758637,20.85389470280944,6
531,1147865,2021-02-03 16:40:00,561.16688079834,527.2726014324282,641.5423517012548,400.8453122381873,1148.8221737344716,33.89427936591176,6
532,1147895,2021-02-03 21:40:00,146.57931594848628,230.36544715485064,330.73468738119664,129.3865182798375,7020.115782530103,83.78613120636436,6
533,1147898,2021-02-03 22:10:00,223.0037311553955,274.94775232348934,381.5404274361165,172.36727048270382,2698.1813351113797,51.944021168093826,6
534,1147921,2021-02-04 02:00:00,620.0620422363281,652.677781432061,753.7008001087178,548.4885917183016,1063.7864432840663,32.615739195732885,6
535,1147953,2021-02-04 07:20:00,384.2508453369141,392.3893774444338,502.0614909512332,279.350608794059,66.23570486512942,8.138532107519723,6
536,1148002,2021-02-04 15:30:00,392.704168701172,346.95975497150226,469.5698620401643,242.1964247807707,2092.551387471199,45.74441372966976,6
537,1148017,2021-02-04 18:00:00,274.4198097229004,272.28852650424517,362.3094170301042,174.32115514550264,4.542368158121506,2.1312832186552555,6
538,1148026,2021-02-04 19:30:00,253.39911193847647,215.08541443802213,318.85156847161284,108.20980110587296,1467.9394161563212,38.31369750045434,6
539,1148057,2021-02-05 00:40:00,122.66634025573732,134.84836010615703,254.8652907879319,34.37680946124957,148.40160763601978,12.182019850419708,6
540,1148076,2021-02-05 03:50:00,115.03836593627936,98.3856525126319,187.0276858022632,-1.5911664324982326,277.3128643701281,16.652713423647455,6
541,1148094,2021-02-05 06:50:00,74.92063992023478,53.34520952337307,156.30269687246462,-54.847095809082504,465.499196809824,21.575430396861705,6
542,1152203,2021-03-05 19:40:00,25.367657676339142,25.93630935507224,125.49559472658444,-95.23092726514844,0.3233647317259697,0.5686516787330973,6
543,1152214,2021-03-05 21:30:00,69.02491979599004,88.08403617194318,209.4362415901358,-32.560570436332,363.2499170321251,19.05911637595314,6
544,1152219,2021-03-05 22:20:00,4.127381391823285,13.551218663006772,116.31880758756704,-89.62039221650245,88.80870891374703,9.423837271183489,6
545,1152228,2021-03-05 23:50:00,109.61707687377934,132.32879911254474,239.8246547361676,31.980126800834014,515.8223270508311,22.711722238765404,6
546,1152400,2021-03-07 04:30:00,-3.01961001753807,-2.7593354563904793,111.36913054331694,-101.0767422452006,0.0677428471805708,0.2602745611475905,6
547,1152485,2021-03-07 18:40:00,50.94408802986145,59.502221627520775,171.67546465899864,-71.66348430707222,73.24165067538539,8.558133597659328,6
548,1152489,2021-03-07 19:20:00,90.1183699557656,98.41815283943592,200.16785930570072,8.443848477695312,68.88639591606702,8.299782883670332,6
549,1152504,2021-03-07 21:50:00,183.7351100921632,154.7829243396008,243.4259723464043,60.6342651444413,838.2290598508772,28.9521857525624,6
550,1152510,2021-03-07 22:50:00,107.50488891601564,143.39948065940618,266.53193584499604,22.075907150689353,1288.42171642468,35.894591743390535,6
551,1152641,2021-03-08 20:40:00,299.6532455444336,287.50006413444146,400.69669982357607,184.6375159321467,147.69981838417897,12.153181409992158,6
552,1152682,2021-03-09 03:30:00,166.9202564239502,196.31178779292813,302.0520748951464,96.42881028903754,863.8621162136133,29.391531368977923,6
553,1152698,2021-03-09 06:10:00,332.50771636962907,364.7263974030411,477.9331154349981,245.4559287040761,1038.0434075327455,32.218681033412054,6
554,1152745,2021-03-09 14:00:00,169.888768005371,143.38509175704058,239.50263941854865,38.048324316778285,702.4448546763134,26.503676248330407,6
555,1152821,2021-03-10 02:40:00,1906.268365478517,2001.209591602141,2126.6691403863088,1882.9218384458432,9013.836417857126,94.94122612362412,6
556,1152846,2021-03-10 06:50:00,1773.8704223632824,1780.485727630629,1888.3325882050488,1668.0886787657646,43.76226378018479,6.615305267346685,6
557,1152869,2021-03-10 10:40:00,1990.35541381836,2019.7519530160923,2142.811105078285,1896.571969202524,864.156516803818,29.39653919773241,6
558,1152886,2021-03-10 13:30:00,2012.8768920898456,2019.2988079315433,2152.632482076871,1902.7277889431543,41.24100307784765,6.4219158416976825,6
559,1152887,2021-03-10 13:40:00,2043.7668169807,2017.379844356172,2126.7269912767156,1907.864917410377,696.2723242876006,26.3869726245282,6
560,1152909,2021-03-10 17:20:00,2042.6950195312515,2013.5219822912757,2166.743180533579,1887.3229347650977,851.0661018050197,29.173037239975883,6
561,1152944,2021-03-10 23:10:00,2028.550561523439,2023.185684348021,2136.7246557155263,1925.4725927707711,28.781907107324393,5.364877175418314,6
562,1153030,2021-03-11 13:30:00,1901.053082275392,1939.6926786278416,2033.9409322776903,1836.617195635199,1493.0184062802225,38.639596352449416,6
563,1153043,2021-03-11 15:40:00,1655.0365264892596,1654.318594896071,1770.4203783038445,1525.949352284623,0.5154257724981718,0.7179315931884958,6
564,1153051,2021-03-11 17:00:00,1688.4090179443367,1674.8778161091898,1774.2201435608924,1577.7241205638406,183.09342310348367,13.53120183514693,6
565,1153058,2021-03-11 18:10:00,2003.579010009767,1956.485019763623,2084.1950855251716,1846.1667401373547,2217.843917303897,47.0939902461439,6
566,1153098,2021-03-12 00:50:00,1200.748199462891,1196.2807819684213,1311.8281791099078,1094.1578783989733,19.957819069895073,4.467417494469828,6
567,1153099,2021-03-12 01:00:00,1424.9981933593758,1382.7095734661907,1479.9866324846291,1281.7331629057594,1788.3273724702915,42.288619893185114,6
568,1153103,2021-03-12 01:40:00,1857.3977722167983,1765.9499803795952,1861.9910535157103,1675.2310452965385,8362.698631900432,91.44779183720313,6
569,1153116,2021-03-12 03:50:00,815.3987930297851,665.0444438960258,757.3348589909252,565.1196211967961,22606.4303034364,150.35434913375934,6
570,1153160,2021-03-12 11:10:00,2012.2719360351575,2025.1950623194757,2150.0345475267586,1902.392275742948,167.0071929604356,12.923126284318188,6
571,1153170,2021-03-12 12:50:00,1935.899755859377,1971.5508143314153,2079.2331182912185,1862.2446290763728,1270.997970176698,35.65105847203836,6
572,1153172,2021-03-12 13:10:00,1998.6929504394543,2021.9797639989151,2115.2401558807896,1904.1373774567855,542.2756857530991,23.286813559461052,6
573,1153196,2021-03-12 17:10:00,1398.3124481201182,1341.979656017349,1428.149908103543,1218.947200498759,3173.3834660938146,56.33279210276919,6
574,1153210,2021-03-12 19:30:00,1185.595840454103,1269.975273802335,1371.9259473599132,1164.6501762218809,7119.888772168793,84.3794333482324,6
575,1153249,2021-03-13 02:00:00,1986.702844238284,2055.6584944084634,2191.0399087097276,1925.187121341114,4754.88169039218,68.95565017017952,6
